promotion	120	"英[prəˈməʊʃn]
美[prəˈmoʊʃn]
提升;提拔;晋升;晋级，升级;促销活动;广告宣传"
implicit	120	"英[ɪmˈplɪsɪt]
美[ɪmˈplɪsɪt]
含蓄的;不直接言明的;成为一部分的;内含的;完全的;无疑问的"
globe	120	"英[ɡləʊb]
美[ɡloʊb]
地球仪;地球，世界;球体;球状物;成球状"
link	120	"英[lɪŋk]
美[lɪŋk]
联系;连接;关系;纽带;交通路线;通讯手段;把连接起来;相关联;说明有联系"
picked	120	"英[pɪkt]
美[pɪkt]
选择;挑选;采;摘;摘掉，剔除，掐去;pick的过去分词和过去式"
entrance	120	"英[ˈentrəns , ɪnˈtrɑːns]
美[ˈentrəns , ɪnˈtræns]
大门;入口;通道;进入;出场;登场;进入权;进入机会;使狂喜;使入迷"
showed	120	"英[ʃəʊd]
美[ʃoʊd]
表明;证明;给…看;出示;展示;教，解说;演示;show的过去分词和过去式"
boring	120	"英[ˈbɔːrɪŋ]
美[ˈbɔːrɪŋ]
没趣的;令人厌倦的;使厌烦;钻，凿，挖;盯着看;bore的现在分词;钻孔;钻屑"
poisonous	120	"英[ˈpɔɪzənəs]
美[ˈpɔɪzənəs]
引起中毒的;有毒的;分泌毒素的;能毒伤人的;极端讨厌的;恶毒的;邪恶的"
editors	120	"英[ˈɛdɪtəz]
美[ˈɛdɪtərz]
主编，编辑;编辑，校订者，审校者;剪辑员，剪接师;editor的复数"
oceans	120	"英[ˈəʊʃənz]
美[ˈoʊʃənz]
大海;海洋;洋;ocean的复数"
member	120	"英[ˈmembə(r)]
美[ˈmembər]
成员;分子;会员;身体部位"
contends	120	"英[kənˈtendz]
美[kənˈtendz]
声称，主张，认为;竞争;争夺;contend的第三人称单数"
unpredictable	120	"英[ˌʌnprɪˈdɪktəbl]
美[ˌʌnprɪˈdɪktəbl]
无法预言的;不可预测的;难以预料的;善变的，难以捉摸的"
alcohol	120	"英[ˈælkəhɒl]
美[ˈælkəhɔːl]
含酒精饮料;酒;酒精;乙醇"
universally	120	"英[ˌjuːnɪˈvɜːsəli]
美[ˌjuːnɪˈvɜːrsəli]
全体地;一致地;共同地;到处;随时随地;在各种情况下"
consistently	120	"英[kənˈsɪstəntli]
美[kənˈsɪstəntli]
一贯地；始终如一地"
council	120	"英[ˈkaʊnsl]
美[ˈkaʊnsl]
政务委员会，地方议会;市政服务机构;委员会"
emergence	120	"英[iˈmɜːdʒəns]
美[iˈmɜːrdʒəns]
出现;兴起"
advised	120	"英[ədˈvaɪzd]
美[ədˈvaɪzd]
劝告;忠告;建议;出主意;提出建议;提供咨询;通知;正式告知;advise的过去分词和过去式"
bankers	120	"英[ˈbæŋkəz]
美[ˈbæŋkərz]
银行老板;银行家;庄家;banker的复数"
storage	120	"英[ˈstɔːrɪdʒ]
美[ˈstɔːrɪdʒ]
贮存，贮藏;存储;付费托管"
co	120	"英[ˌsiː ˈəʊ]
美[ˌsiː ˈoʊ]
指挥官;指挥长"
output	120	"英[ˈaʊtpʊt]
美[ˈaʊtpʊt]
产量;输出;输出功率;输出量"
promising	120	"英[ˈprɒmɪsɪŋ]
美[ˈprɑːmɪsɪŋ]
有希望的;有前途的;有出息的;许诺;承诺;答应;保证;使很可能;预示;promise的现在分词"
techniques	120	"英[tɛkˈniːks]
美[tɛkˈniks]
技巧;技艺;工艺;技术;技能;technique的复数"
oriented	120	"英[ˈɔːrientɪd]
美[ˈɔːrientɪd]
朝向;面对;确定方向;使适应;确定方位;认识方向;熟悉;适应;orient的过去分词和过去式"
permanent	120	"英[ˈpɜːmənənt]
美[ˈpɜːrmənənt]
永久的;永恒的;长久的;烫发（等于permanent wave）"
glance	120	"英[ɡlɑːns]
美[ɡlæns]
瞥一眼;匆匆一看;扫视;浏览;粗略地看;一瞥"
yield	120	"英[jiːld]
美[jiːld]
出产;产生;提供;屈服;让步;放弃;缴出;产量;产出;利润"
genius	120	"英[ˈdʒiːniəs]
美[ˈdʒiːniəs]
天才;天资;天赋;天才人物;才能，本领"
version	120	"英[ˈvɜːʃn]
美[ˈvɜːrʒn]
变体;变种;型式;说法，描述;版本，改编形式，改写本"
borrow	120	"英[ˈbɒrəʊ]
美[ˈbɔːroʊ]
借;借用;借入;借贷;引用，借用"
informed	120	"英[ɪnˈfɔːmd]
美[ɪnˈfɔːrmd]
有学问的;有见识的;知会;通知;通告;了解;熟悉;对…有影响;inform的过去分词和过去式"
convenient	120	"英[kənˈviːniənt]
美[kənˈviːniənt]
实用的;便利的;方便的;省事的;附近的;近便的;容易到达的"
channels	120	"英[ˈtʃænlz]
美[ˈtʃænlz]
电视台;频道;波段;途径;渠道;系统;为…引资;引导;贯注;输送资金，提供帮助;输送，传送;channel的第三人称单数和复数"
stability	120	"英[stəˈbɪləti]
美[stəˈbɪləti]
稳定;稳固"
horizon	120	"英[həˈraɪzn]
美[həˈraɪzn]
地平线;范围，眼界"
booklet	120	"英[ˈbʊklət]
美[ˈbʊklət]
小册子"
decrease	120	"英[dɪˈkriːs , ˈdiːkriːs]
美[dɪˈkriːs , ˈdiːkriːs]
减少，减小，降低;减少;降低;减少量"
qualified	120	"英[ˈkwɒlɪfaɪd]
美[ˈkwɑːlɪfaɪd]
具备…的学历;具备…的知识;符合资格;有限度的;有保留的;有条件的;取得资格;合格;使合格;使具备资格;有权，使有权;qualify的过去分词和过去式"
vary	120	"英[ˈveəri]
美[ˈveri]
相异，不同，有别;变化，改变;变更;改变"
insist	120	"英[ɪnˈsɪst]
美[ɪnˈsɪst]
坚决要求;坚持;坚持说;固执己见"
casino	119	"英[kəˈsiːnəʊ]
美[kəˈsiːnoʊ]
赌场"
boas	119	"英[ˈbəʊəz]
美[ˈboʊəz]
长围巾;同 boa constrictor;boa的复数"
height	119	"英[haɪt]
美[haɪt]
身高;高;高度"
vermont	119	"英[vəˈmɒnt]
美[vərˈmɑnt]
佛蒙特绵羊"
gilbert	119	"英[ˈgɪlbət]
美[ˈgɪlbərt]
吉伯（磁力单位等于0.796安匝）"
worm	119	"英[wɜːm]
美[wɜːrm]
蠕虫;寄生虫;肠虫;幼虫;蠕动，曲折行进;给驱肠虫"
politeness	114	"英[pə'laɪtnəs]
美[]
殷勤"
deaths	114	"英[dɛθs]
美[dɛθs]
死;死亡;生命的终止;死亡状态;永久的灭亡;毁灭;破灭;death的复数"
forecast	114	"英[ˈfɔːkɑːst]
美[ˈfɔːrkæst]
预测;预报"
prejudice	114	"英[ˈpredʒudɪs]
美[ˈpredʒudɪs]
偏见;成见;使怀有偏见;损害;有损于"
discuss	114	"英[dɪˈskʌs]
美[dɪˈskʌs]
讨论;谈论;商量;详述;论述"
graduation	114	"英[ˌɡrædʒuˈeɪʃn]
美[ˌɡrædʒuˈeɪʃn]
毕业;毕业典礼"
agrees	114	"英[əˈɡriːz]
美[əˈɡriːz]
同意;赞成;取得一致意见，一致同意;应允;答应;agree的第三人称单数"
altogether	114	"英[ˌɔːltəˈɡeðə(r)]
美[ˌɔːltəˈɡeðər]
完全，全部;总共，一共;总之;总而言之;整个;〈口〉裸体"
station	114	"英[ˈsteɪʃn]
美[ˈsteɪʃn]
火车站;公共汽车站;长途汽车站;站;所;局;派驻;使驻扎;到某处站;把…安置到"
satellites	114	"英[ˈsætəlaɪts]
美[ˈsætəˌlaɪts]
人造卫星;卫星;卫星城;卫星国;外围组织;satellite的复数"
devoted	114	"英[dɪˈvəʊtɪd]
美[dɪˈvoʊtɪd]
挚爱的;忠诚的;全心全意的;献;奉献，投入;将专用;devote的过去分词和过去式"
box	114	"英[bɒks]
美[bɑːks]
盒;箱;匣;一盒，一箱;包厢;专席;击打;把装箱"
invented	114	"英[ɪnˈventɪd]
美[ɪnˈventɪd]
发明;创造;编造;捏造;虚构;invent的过去分词和过去式"
townsfolk	114	"英[ˈtaʊnzfəʊk]
美[ˈtaʊnzˌfoʊk]
镇民;市民"
whereby	114	"英[weəˈbaɪ]
美[werˈbaɪ]
凭此;借以;由于"
piano	114	"英[piˈænəʊ , ˈpjɑːnəʊ]
美[piˈænoʊ , ˈpjɑːnoʊ]
钢琴;轻柔地;安静地;弱"
tourist	114	"英[ˈtʊərɪst]
美[ˈtʊrɪst]
旅游者;观光者;游客;巡回比赛的运动队队员"
amazing	114	"英[əˈmeɪzɪŋ]
美[əˈmeɪzɪŋ]
令人大为惊奇的;令人惊喜的;使惊奇;使惊愕;使惊诧;amaze的现在分词"
populated	114	"英[ˈpɒpjuleɪtɪd]
美[ˈpɑːpjuleɪtɪd]
居住于;生活于;构成…的人口;迁移;移居;殖民于;增添数据，输入数据;populate的过去分词和过去式"
spain	114	"英[speɪn]
美[speɪn]
西班牙"
sustainable	114	"英[səˈsteɪnəbl]
美[səˈsteɪnəbl]
不破坏生态平衡的，合理利用的;可持续的"
peers	114	"英[pɪəz]
美[pɪrz]
仔细看;端详;peer的第三人称单数"
beethoven	114	"英[ˈbeɪtˌ(h)əʊv(ə)n]
美[ˈbeɪtoʊvən]
贝多芬（Ludwig van，1770—1827，德国大作曲家）"
buried	114	"英[ˈberid]
美[ˈberid]
埋葬;安葬;丧失;把掩藏在地下;埋藏;bury的过去分词和过去式"
consist	114	"英[kənˈsɪst]
美[kənˈsɪst]
由…组成;由…构成;在于;存在于"
violence	114	"英[ˈvaɪələns]
美[ˈvaɪələns]
暴力;暴行;狂热;激情;激烈的力量"
wasteful	114	"英[ˈweɪstfl]
美[ˈweɪstfl]
浪费的;挥霍的"
passive	114	"英[ˈpæsɪv]
美[ˈpæsɪv]
消极的;被动的;被动语态的;动词被动形式;被动语态"
slaves	114	"英[sleɪvz]
美[sleɪvz]
奴隶;完全受控制的人;完全依赖的人;从动装置;苦干;辛勤地工作;slave的第三人称单数和复数"
formation	114	"英[fɔːˈmeɪʃn]
美[fɔːrˈmeɪʃn]
组成;形成;组成物;形成物;编队;队形"
africa	114	"英['æfrɪkə]
美[ˈæfrəkə]
非洲"
instruments	114	"英[ˈɪnstrʊmənts]
美[ˈɪnstrəmənts]
器械;仪器;器具;仪器，仪表;促成某事的人;手段;instrument的复数"
prompted	114	"英[ˈprɒmptɪd]
美[ˈprɑːmptɪd]
促使;导致;激起;鼓励，提示，提醒;给提词;prompt的过去分词和过去式"
simplify	114	"英[ˈsɪmplɪfaɪ]
美[ˈsɪmplɪfaɪ]
使简化;使简易"
vital	114	"英[ˈvaɪtl]
美[ˈvaɪtl]
必不可少的;对…极重要的;生命的;维持生命所必需的;生气勃勃的;充满生机的;热情洋溢的"
assistance	114	"英[əˈsɪstəns]
美[əˈsɪstəns]
帮助;援助;支持"
bosses	114	"英[ˈbɒsɪz]
美[ˈbɔːsɪz]
老板;工头;领班;总经理;领导;对发号施令;boss的第三人称单数和复数"
fulfillment	114	"英[fʊlˈfɪlmənt]
美[fʊlˈfɪlmənt]
满足感;成就感;履行;实现;完成;满足"
sorry	114	"英[ˈsɒri]
美[ˈsɑːri]
难过;惋惜;同情;歉疚;惭愧;过意不去;后悔;遗憾;不忍;很抱歉，请原谅;你说什么，请再说一遍;不对，应该是"
cell	114	"英[sel]
美[sel]
单间牢房;牢房;小房间;细胞"
guarantee	114	"英[ˌɡærənˈtiː]
美[ˌɡærənˈtiː]
保证;担保;保修单;保用证书;起保证作用的事物;保障;提供保修单;使必然发生;确保"
indifferent	114	"英[ɪnˈdɪfrənt]
美[ɪnˈdɪfrənt]
漠不关心;不感兴趣;不很好的;一般的"
someday	114	"英[ˈsʌmˌdeɪ]
美[ˈsʌmˌdeɪ]
某一天;有朝一日"
suit	114	"英[suːt]
美[suːt]
套装;西装;西服;成套服装;所有同花色的牌;对方便;满足需要;合心意;相配;合身;适合;适宜;有利于"
lists	114	"英[lɪsts]
美[lɪsts]
一览表;名单;目录;清单;倾斜;把…列表，列清单，拟订清单;列举;把…列入一览表;列入销售清单，列入价目表;list的第三人称单数和复数"
minimum	114	"英[ˈmɪnɪməm]
美[ˈmɪnɪməm]
最低的;最小的;最低限度的;最小值;最少量;最低限度;极小量"
network	114	"英[ˈnetwɜːk]
美[ˈnetwɜːrk]
网络;网状系统;关系网;人际网;相互关系的系统;将…连接成网络;联播;建立工作关系"
replacement	114	"英[rɪˈpleɪsmənt]
美[rɪˈpleɪsmənt]
替换;更换;替代品;替换物;接替者，替代者"
offspring	114	"英[ˈɒfsprɪŋ]
美[ˈɔːfsprɪŋ]
孩子;子女;后代;崽兽;幼崽;幼苗"
strategy	114	"英[ˈstrætədʒi]
美[ˈstrætədʒi]
策略;计策;行动计划;策划;规划;部署;统筹安排;战略;战略部署"
quantity	114	"英[ˈkwɒntəti]
美[ˈkwɑːntəti]
数量;数额;数目;量;大量;大批;众多;大宗"
skepticism	114	"英[ˈskeptɪsɪzəm]
美[ˈskeptɪsɪzəm]
怀疑态度;怀疑主义"
locate	114	"英[ləʊˈkeɪt]
美[ˈloʊkeɪt]
找出…的准确位置;确定…的准确地点;把…安置在;创办于"
winners	114	"英[ˈwɪnəz]
美[ˈwɪnərz]
获胜的人;优胜者;成功者;可能成功的人;制胜的一记入球;赢得比赛的一分;winner的复数"
powers	114	"英[ˈpaʊəz]
美[ˈpaʊərz]
控制力;影响力;操纵力;统治;政权;能力;机会;驱动，推动;迅猛移动，快速前进;power的第三人称单数和复数"
cooling	114	"英[ˈkuːlɪŋ]
美[ˈkuːlɪŋ]
变凉，冷却;冷静下来;镇静下来;冷淡下来;cool的现在分词"
helicopters	114	"英[ˈhɛlɪkɒptəz]
美[ˈhɛlɪˌkɑptərz]
直升机;helicopter的第三人称单数和复数"
guidance	114	"英[ˈɡaɪdns]
美[ˈɡaɪdns]
指导;引导;咨询;制导，导航"
flowing	114	"英[ˈfləʊɪŋ]
美[ˈfloʊɪŋ]
流;流动;涌流;流畅;flow的现在分词"
actively	114	"英['æktɪvli]
美['æktɪvli]
积极地;活跃地;主动地"
alphabet	114	"英[ˈælfəbet]
美[ˈælfəbet]
字母表，全部字母"
costly	114	"英[ˈkɒstli]
美[ˈkɔːstli]
花钱多的;昂贵的;价钱高的;引起困难的;造成损失的"
acting	114	"英[ˈæktɪŋ]
美[ˈæktɪŋ]
表演;演艺业;临时代理的;做事;行动;行为;举止;假装;act的现在分词"
organic	114	"英[ɔːˈɡænɪk]
美[ɔːrˈɡænɪk]
有机的;不使用化肥的;绿色的;有机物的;生物的;器官的;器质性的;官能的"
officials	114	"英[əˈfɪʃəlz]
美[əˈfɪʃəlz]
要员;官员;高级职员;official的复数"
brooks	114	"英[brʊks]
美[brʊks]
溪;小河;小川;允许;brook的第三人称单数和复数"
stems	114	"英[stemz]
美[stemz]
茎;梗，柄;脚;烟斗柄;阻止;封堵;遏止;stem的第三人称单数和复数"
ladder	114	"英[ˈlædə(r)]
美[ˈlædər]
梯子;阶梯，途径;滑丝，抽丝;出现滑丝，抽丝"
strict	114	"英[strɪkt]
美[strɪkt]
严格的;要求严格的;严厉的;恪守教规的"
correctly	114	"英[kə'rektlɪ]
美[kəˈrɛktlɪ]
正确地；得体地"
harder	114	"英[ˈhɑːdə]
美[ˈhɑrdər]
努力地;费力地;艰难地;猛力地;猛烈地;彻底认真地;坚固的;坚硬的;结实的;难做的;难懂的;难以回答的;困苦的;艰苦的;艰难的;hard的比较级"
restore	114	"英[rɪˈstɔː(r)]
美[rɪˈstɔːr]
恢复;使复原;使复位;使复职;修复;整修"
bulk	114	"英[bʌlk]
美[bʌlk]
主体;大部分;体积;大;巨大的体重;变得巨大;胀大;增大;扩展;增加;用眼力估计;毛估（重量;体积等）"
prefer	114	"英[prɪˈfɜː(r)]
美[prɪˈfɜːr]
较喜欢;喜欢…多于…"
wonders	114	"英[ˈwʌndəz]
美[ˈwʌndərz]
想知道;想弄明白;琢磨;礼貌地提问或请人做事时说;感到诧异;非常惊讶;惊讶;惊奇;惊异;惊叹;奇迹;奇观;奇事;奇妙之处;能人;奇才;有特效的东西;wonder的第三人称单数和复数"
lowest	114	"英[ˈləʊɪst]
美[ˈloʊəst]
低;向下;不高;在靠近…底部的位置;向…底部;低于通常的水平;低的;矮的;离地面近的;在底部的;近底部的;领口开得低的;low的最高级"
parties	114	"英[ˈpɑːtiz]
美[ˈpɑːrtiz]
政党;党派;聚会;宴会;联欢会;派对;群，队，组;寻欢作乐;吃喝玩乐;party的第三人称单数和复数"
crowded	114	"英[ˈkraʊdɪd]
美[ˈkraʊdɪd]
人多的;拥挤的;充满的;挤满的;挤满;塞满;使…拥挤;涌上;涌入;挤，靠近，挤在一旁;crowd的过去分词和过去式"
upset	114	"英[ʌpˈset , ˌʌpˈset , ˈʌpset]
美[ʌpˈset , ˌʌpˈset , ˈʌpset]
使烦恼;使心烦意乱;使生气;打乱;搅乱;使不适;难过;不高兴;失望;沮丧;肠胃不适;腹泻;混乱，困扰，麻烦;意外的结果;爆冷门;肠胃病"
exciting	114	"英[ɪkˈsaɪtɪŋ]
美[ɪkˈsaɪtɪŋ]
令人激动的;使人兴奋的;使激动;使兴奋;刺激;使紧张不安;激发;引发;引起;excite的现在分词"
forever	114	"英[fərˈevə(r)]
美[fərˈevər]
永远;长久地;老是，没完没了地"
cooperation	114	"英[kəʊˌɒpəˈreɪʃn]
美[koʊˌɑːpəˈreɪʃn]
合作;协作;协助;配合"
dissolved	114	"英[dɪˈzɒlvd]
美[dɪˈzɑːlvd]
溶;使溶解;解除;终止;解散;dissolve的过去分词和过去式"
organize	114	"英[ˈɔːɡənaɪz]
美[ˈɔːrɡənaɪz]
组织;筹备;安排;处理;分配;规划;管理;照料"
produces	114	"英[prəˈdjuːsɪz]
美[prəˈduːsɪz]
生产;制造;生长;出产;繁育;制作，造出;produce的第三人称单数"
happily	114	"英[ˈhæpɪli]
美[ˈhæpɪli]
快乐地;高兴地;满足地;幸运地;欣然;情愿地"
hijacked	114	"英[ˈhaɪdʒækt]
美[ˈhaɪdʒækt]
劫持;操纵;hijack的过去分词和过去式"
freely	114	"英[ˈfriːli]
美[ˈfriːli]
不受限制地;无拘无束地;自由地;无阻碍地;畅通地;自愿地;甘心情愿地"
helicopter	114	"英[ˈhelɪkɒptə(r)]
美[ˈhelɪkɑːptər]
直升机;用直升飞机载送乘直升飞机"
terrible	114	"英[ˈterəbl]
美[ˈterəbl]
非常讨厌的;令人极不快的;可怕的;危害极大的;造成极大伤害的;非常严重的;不痛快;有病"
exploitation	114	"英[ˌeksplɔɪˈteɪʃn]
美[ˌeksplɔɪˈteɪʃn]
剥削;榨取;利用;开发;开采"
forgot	114	"英[fəˈɡɒt]
美[fərˈɡɑːt]
忘记;遗忘;忘记做;不再想;不再把…放在心上;forget的过去式"
equivalent	114	"英[ɪˈkwɪvələnt]
美[ɪˈkwɪvələnt]
相等的，相同的;相等的东西;等量;对应词"
daughter	114	"英[ˈdɔːtə(r)]
美[ˈdɔːtər]
女儿;妇女"
provisions	114	"英[prəˈvɪʒnz]
美[prəˈvɪʒnz]
提供;供给;给养;供应品;准备;饮食供应;粮食;provision的复数"
arctic	114	"英[ˈɑːktɪk]
美[ˈɑːrktɪk]
北极；北极圈;御寒防水套鞋;北极的;严寒的，极冷的"
mention	114	"英[ˈmenʃn]
美[ˈmenʃn]
提到;写到;说到;提及;说起;写上一笔"
rooted	114	"英[ˈruːtɪd]
美[ˈruːtɪd]
根源在于;由…产生;固定在某地的;稳固的;根深蒂固的;疲惫不堪的;筋疲力尽的;生根;翻寻;性交;root的过去分词和过去式"
associations	114	"英[əˌsəʊsɪˈeɪʃ(ə)nz]
美[əˌsoʊsiˈeɪʃənz]
协会;社团;联盟;联合;合伙;关联;交往;联想;联系;association的复数"
recipients	114	"英[rɪˈsɪpɪənts]
美[rɪˈsɪpiənts]
受方;接受者;recipient的复数"
ran	114	"英[ræn]
美[ræn]
跑;奔跑;跑步;做跑步运动;run的过去式"
preserved	114	"英[prɪˈzɜːvd]
美[prɪˈzɜːrvd]
保护;维护;保留;维持…的原状;保存;保养;贮存;保鲜;preserve的过去分词和过去式"
august	114	"英[ɔːˈɡʌst]
美[ɔːˈɡʌst]
威严的;庄严的"
running	114	"英[ˈrʌnɪŋ]
美[ˈrʌnɪŋ]
跑;跑步;管理;操纵;操作;走私;偷运;(置于数字和year、day或time等名词后，表示同样的事一再重复)连续;活的，流淌的，流动的;持久的;连续不断的;奔跑;做跑步运动;run的现在分词"
drink	114	"英[drɪŋk]
美[drɪŋk]
饮料;一杯，一份，一口;酒;酒精饮料;酒宴;酒会;喝;饮;喝酒;酗酒"
protecting	114	"英[prəˈtektɪŋ]
美[prəˈtektɪŋ]
保护;防护;实行贸易保护;protect的现在分词"
smiling	114	"英[ˈsmaɪlɪŋ]
美[ˈsmaɪlɪŋ]
微笑;笑;微笑着说;微笑地表示;现出;smile的现在分词"
collective	114	"英[kəˈlektɪv]
美[kəˈlektɪv]
集体的;共有的;共同的;全体成员的;总体的;企业集团;合作农场;集体企业"
fat	114	"英[fæt]
美[fæt]
肥的;肥胖的;厚的;宽大的;大量的;值钱的;脂肪;肥肉;动植物油;养肥;在…中加入脂肪长肥"
rays	114	"英[ˈreɪz]
美[ˈreɪz]
光线;射线;一点，少量;魟，鳐;ray的第三人称单数和复数"
rigid	114	"英[ˈrɪdʒɪd]
美[ˈrɪdʒɪd]
死板的;僵硬的;固执的;僵化的;一成不变的;坚硬的;不弯曲的;僵直的"
hunted	114	"英[ˈhʌntɪd]
美[ˈhʌntɪd]
惴惴不安的;惊恐万分的;打猎;猎取;猎杀;搜寻;搜索;追踪;追捕;hunt的过去分词和过去式"
complain	114	"英[kəmˈpleɪn]
美[kəmˈpleɪn]
抱怨;埋怨;发牢骚"
hotel	114	"英[həʊˈtel]
美[hoʊˈtel]
旅馆;旅社;酒吧;酒馆;餐馆;使…在饭店下榻进行旅馆式办公"
garden	114	"英[ˈɡɑːdn]
美[ˈɡɑːrdn]
园圃，花园，果园，菜园;庭园;园子;公园;做园艺工作;种植花木"
hotels	114	"英[həʊˈtɛlz]
美[hoʊˈtɛlz]
旅馆;旅社;酒吧;酒馆;餐馆;hotel的第三人称单数和复数"
schedule	114	"英[ˈʃedjuːl]
美[ˈskedʒuːl]
工作计划;日程安排;节目表;一览表，明细表，清单;安排;为…安排时间;预定;列入，收进"
protections	114	"英[prəˈtɛkʃənz]
美[prəˈtɛkʃənz]
保护;防卫;保护物;护身符;保险;protection的复数"
samples	114	"英[ˈsɑːmplz]
美[ˈsæmplz]
样本，样品;取样，样本，样;样品，货样;尝;品尝;尝试;体验;抽样检验;取样;采样;节录，选录;sample的第三人称单数和复数"
detect	114	"英[dɪˈtekt]
美[dɪˈtekt]
发现;查明;侦察出"
located	114	"英[ləʊˈkeɪtɪd]
美[ˈloʊkeɪtɪd]
位于;坐落在;找出…的准确位置;确定…的准确地点;把…安置在;创办于;locate的过去分词和过去式"
province	114	"英[ˈprɒvɪns]
美[ˈprɑːvɪns]
省份;一级行政区;首都以外的地区;知识范围;领域"
objection	114	"英[əbˈdʒekʃn]
美[əbˈdʒekʃn]
反对的理由;反对;异议"
smells	114	"英[smelz]
美[smelz]
有…气味;闻到，嗅到;闻，嗅;气味;难闻的气味;臭味;嗅觉;smell的第三人称单数和复数"
bird	114	"英[bɜːd]
美[bɜːrd]
鸟;禽;姑娘;妞;某类人;古怪的人，不寻常的人;观察和辨认鸟;捕鸟;打鸟"
males	114	"英[meɪlz]
美[meɪlz]
男性;雄性;雄株;male的复数"
miles	114	"英[maɪlz]
美[maɪlz]
英里(= 1 609米或1 760码);大面积;长距离;很多;远远地;mile的复数"
laughing	114	"英[ˈlɑːfɪŋ]
美[ˈlæfɪŋ]
笑的;带笑意的;笑;发笑;处于有利地位;laugh的现在分词"
urge	114	"英[ɜːdʒ]
美[ɜːrdʒ]
敦促;催促;力劝;大力推荐;竭力主张;驱赶;鞭策;强烈的欲望;冲动"
brings	114	"英[brɪŋz]
美[brɪŋz]
带…到某处;带来;取来;提供;供给;导致;引起;bring的第三人称单数"
industrialized	109	"英[ɪnˈdʌstriəlaɪzd]
美[ɪnˈdʌstriəlaɪzd]
工业化的;工业化;industrialize的过去分词和过去式"
revolutionary	109	"英[ˌrevəˈluːʃənəri]
美[ˌrevəˈluːʃəneri]
革命的;彻底变革的;巨变的;改革者;革命者，革命支持者"
designer	109	"英[dɪˈzaɪnə(r)]
美[dɪˈzaɪnər]
设计者;构思者;由著名设计师设计的;标有设计师姓名的;名牌的"
import	109	"英[ˈɪmpɔːt , ɪmˈpɔːt]
美[ˈɪmpɔːrt , ɪmˈpɔːrt]
进口;输入的产品;进口，输入，引进;重要性;输入;引进;导入;移入"
category	109	"英[ˈkætəɡəri]
美[ˈkætəɡɔːri]
类别，种类"
transition	109	"英[trænˈzɪʃn]
美[trænˈzɪʃn]
过渡;转变;变革;变迁;<北美>经历转变过程"
rock	109	"英[rɒk]
美[rɑːk]
岩石;石山;礁石;巨石块;岩块;轻轻摇晃，缓缓摆动;惊吓;使震惊;使害怕;剧烈摇摆，猛烈晃动"
learnt	109	"英[lɜːnt]
美[lɜːrnt]
学;学习;学到;学会;听到;得知;获悉;记住;背熟;熟记;learn的过去分词和过去式"
elected	109	"英[ɪˈlektɪd]
美[ɪˈlektɪd]
选举;推选;选择，决定;elect的过去分词和过去式"
villages	109	"英[ˈvɪlɪdʒɪz]
美[ˈvɪlədʒəz]
村庄;村镇;乡村居民;村民;village的复数"
cry	109	"英[kraɪ]
美[kraɪ]
哭;哭泣;喊叫;呼喊;呼叫;发出刺耳的叫声;嗥叫;吠;叫喊，叫声;大喊;大叫;鸣叫，啼叫;嗥叫，吠"
insensitive	109	"英[ɪnˈsensətɪv]
美[ɪnˈsensətɪv]
未意识到的，漠不关心的;懵然不知的，麻木不仁的;无感觉，无反应"
uneasy	109	"英[ʌnˈiːzi]
美[ʌnˈiːzi]
担心的;忧虑的;不安的;不稳定的;靠不住的;不确定的;令人不安的;令人不舒服的;不安稳的"
king	109	"英[kɪŋ]
美[kɪŋ]
君主;国王;首屈一指者，最重要者，大王;…之最，…之王，巨型…"
financially	109	"英[fə'nænʃəlɪ]
美[faɪˈnænʃəlɪ]
财政上，金融上，经济上"
density	109	"英[ˈdensəti]
美[ˈdensəti]
密集;稠密;密度;浓度"
desires	109	"英[dɪˈzaɪəz]
美[dɪˈzaɪərz]
愿望;欲望;渴望;情欲;肉欲;性欲;想望的人;渴望的事物;期望;想望;被吸引;对产生性欲;desire的第三人称单数和复数"
joint	109	"英[dʒɔɪnt]
美[dʒɔɪnt]
联合的;共同的;关节;接头;接合处;接点;一块烤肉;把…切成带骨的大块肉"
withdrawn	109	"英[wɪðˈdrɔːn]
美[wɪðˈdrɔːn]
沉默寡言的;怕羞的;内向的;撤回，撤离;停止提供;不再给予;退出;withdraw的过去分词"
specialized	109	"英[ˈspeʃəlaɪzd]
美[ˈspeʃəlaɪzd]
专用的;专业的;专门的;专门研究;专攻;specialize的过去分词和过去式"
joined	109	"英[dʒɔɪnd]
美[dʒɔɪnd]
连接;接合;联结;结合;联合;汇合;成为…的一员;参加;加入;join的过去分词和过去式"
weigh	109	"英[weɪ]
美[weɪ]
有…重;重;称重量，量体重;认真考虑;权衡;斟酌"
incomplete	109	"英[ˌɪnkəmˈpliːt]
美[ˌɪnkəmˈpliːt]
不完整的;不完全的;不完善的;未修毕，未完成"
threatens	109	"英[ˈθretnz]
美[ˈθretnz]
扬言要;威胁;恐吓;预示凶兆;有…危险;危及;对…构成威胁;threaten的第三人称单数"
bought	109	"英[bɔːt]
美[bɔːt]
买;购买;够支付;买通;收买;贿赂;buy的过去分词和过去式"
movements	109	"英[ˈmuːvmənts]
美[ˈmuvmənts]
运动，转动;移动;迁移;转移;活动;运动;movement的复数"
exact	109	"英[ɪɡˈzækt]
美[ɪɡˈzækt]
精确的;准确的;严谨的;严格的;一丝不苟的;精密的;严密的;要求;索取;迫使;强迫;强求"
france	109	"英[ˈfrɑːns]
美[fræns]
法兰西，法国"
philosopher	109	"英[fəˈlɒsəfə(r)]
美[fəˈlɑːsəfər]
哲学家;深思的人;善于思考的人"
primacy	109	"英[ˈpraɪməsi]
美[ˈpraɪməsi]
首要;至高无上;总主教职"
prevents	109	"英[prɪˈvents]
美[prɪˈvents]
阻止;阻碍;阻挠;prevent的第三人称单数"
formulated	109	"英[ˈfɔːmjuleɪtɪd]
美[ˈfɔːrmjuleɪtɪd]
制订;规划;构想;准备;确切表达;认真阐述;formulate的过去分词和过去式"
surroundings	109	"英[səˈraʊndɪŋz]
美[səˈraʊndɪŋz]
环境;surrounding的复数"
walking	109	"英[ˈwɔːkɪŋ]
美[ˈwɔːkɪŋ]
行走;步行;散步;徒步旅行;竞走;似人的;活的;走;陪伴…走;护送…走;walk的现在分词"
persuading	109	"英[pəˈsweɪdɪŋ]
美[pərˈsweɪdɪŋ]
劝说;说服;使信服;使相信;persuade的现在分词"
achieved	109	"英[əˈtʃiːvd]
美[əˈtʃiːvd]
达到;完成;成功;achieve的过去分词和过去式"
discovering	109	"英[dɪˈskʌvərɪŋ]
美[dɪˈskʌvərɪŋ]
发现;发现，找到，发觉;了解到;认识到;查明;discover的现在分词"
completed	109	"英[kəmˈpliːtɪd]
美[kəmˈpliːtɪd]
完成;结束;填写;使完整;使完美;complete的过去分词和过去式"
gift	109	"英[ɡɪft]
美[ɡɪft]
礼物;赠品;天赋;天才;才能;轻而易举的事;极便宜的东西;白送;白给"
performing	109	"英[pəˈfɔːmɪŋ]
美[pərˈfɔːrmɪŋ]
做;履行;执行;演出;表演;工作，运转;perform的现在分词"
wind	109	"英[wɪnd , waɪnd]
美[wɪnd , waɪnd]
风;气流;吞下的气;胃气;肠气;呼吸;使喘不过气来;使喘大气;使嗳气;蜿蜒;曲折而行;迂回;卷缠;缠绕;绕成团;给上发条;通过转动把手等操作;可上发条;可通过转动把手操作"
regarding	109	"英[rɪˈɡɑːdɪŋ]
美[rɪˈɡɑːrdɪŋ]
关于;至于;将…认为;把…视为;看待;注视，凝视;regard的现在分词"
disciplines	109	"英[ˈdɪsəplɪnz]
美[ˈdɪsəplɪnz]
训练;训导;纪律;风纪;训练方法;行为准则;符合准则的行为;自制力;遵守纪律;惩罚;处罚;管教;自我控制;严格要求;discipline的第三人称单数和复数"
publish	109	"英[ˈpʌblɪʃ]
美[ˈpʌblɪʃ]
出版;发行;发表，刊登，登载;发表，公布"
slowly	109	"英[ˈsləʊli]
美[ˈsloʊli]
慢速地;缓慢地;迟缓地"
unemployed	109	"英[ˌʌnɪmˈplɔɪd]
美[ˌʌnɪmˈplɔɪd]
失业的;待业的;下岗的"
personnel	109	"英[ˌpɜːsəˈnel]
美[ˌpɜːrsəˈnel]
全体人员，职员;人事部门"
legally	109	"英[ˈliːɡəli]
美[ˈliɡ(ə)li]
合法地;在法律上"
prolong	109	"英[prəˈlɒŋ]
美[prəˈlɔːŋ]
延长"
strongest	109	"英[ˈstrɒŋgɪst]
美[ˈstrɔŋgəst]
强壮的;强健的;强的;强劲的;强烈的，深刻的;strong的最高级"
acknowledged	109	"英[əkˈnɒlɪdʒd]
美[əkˈnɑːlɪdʒd]
承认;告知收悉;acknowledge的过去分词和过去式"
manifest	109	"英[ˈmænɪfest]
美[ˈmænɪfest]
表明，清楚显示;显现;使人注意到;明显的;显而易见的;货单，旅客名单"
chemistry	109	"英[ˈkemɪstri]
美[ˈkemɪstri]
化学;物质的化学组成;两人间的关系"
sufficiently	109	"英[sə'fɪʃ(ə)ntlɪ]
美[sə'fɪʃ(ə)ntli]
足以;十分;充分地;最大限度地"
tears	109	"英[teəz]
美[terz]
撕裂;撕碎;扯破;戳破;撕开，划成，刺出，扯开;拉掉;撕掉;拔掉;扯掉;破洞;裂口;裂缝;眼泪;泪珠;泪水;tear的第三人称单数和复数"
competing	109	"英[kəmˈpiːtɪŋ]
美[kəmˈpiːtɪŋ]
相互冲突的;相互矛盾的;竞争;对抗;参加比赛;compete的现在分词"
harmony	109	"英[ˈhɑːməni]
美[ˈhɑːrməni]
融洽;和睦;和声;和谐;协调"
ultimate	109	"英[ˈʌltɪmət]
美[ˈʌltɪmət]
最后的;最终的;终极的;极端的;最好的;根本的;基本的;基础性的;最好的事物;极品;精华"
preliminary	109	"英[prɪˈlɪmɪnəri]
美[prɪˈlɪmɪneri]
预备性的;初步的;开始的;初步行动;预备性措施"
incident	109	"英[ˈɪnsɪdənt]
美[ˈɪnsɪdənt]
发生的事情;严重事件，暴力事件;摩擦，冲突;军事冲突"
chose	109	"英[tʃəʊz]
美[tʃoʊz]
选择;挑选;选取;宁愿;情愿;决定;choose的过去式"
weight	109	"英[weɪt]
美[weɪt]
重量;分量;重;重物;在…上加重量;使负重;固定;使加权"
editing	109	"英[ˈedɪtɪŋ]
美[ˈedɪtɪŋ]
编辑，校订;编选;编纂;编集;编辑;edit的现在分词"
marketplace	109	"英[ˈmɑːkɪtpleɪs]
美[ˈmɑːrkɪtpleɪs]
市场竞争;集市;市场"
complaints	109	"英[kəmˈpleɪnts]
美[kəmˈpleɪnts]
不满的原因;抱怨;埋怨;投诉;控告;不满;疾病;complaint的复数"
representative	109	"英[ˌreprɪˈzentətɪv]
美[ˌreprɪˈzentətɪv]
代表;销售代表;销售代理;代销人;代表他人者;典型的;有代表性的;代表各类人的;可作为典型的"
optional	109	"英[ˈɒpʃənl]
美[ˈɑːpʃənl]
可选择的;选修的"
gardens	109	"英[ˈɡɑːdnz]
美[ˈɡɑːrdnz]
园圃，花园，果园，菜园;庭园;园子;公园;做园艺工作;种植花木;garden的第三人称单数和复数"
transaction	109	"英[trænˈzækʃn]
美[trænˈzækʃn]
交易，业务，买卖;办理;处理"
presenting	109	"英[prɪˈzentɪŋ]
美[prɪˈzentɪŋ]
把…交给;颁发;授予;提出;提交;展现，显示，表现;present的现在分词"
advocated	109	"英[ˈædvəkeɪtɪd]
美[ˈædvəkeɪtɪd]
拥护;支持;提倡;advocate的过去分词和过去式"
reluctant	109	"英[rɪˈlʌktənt]
美[rɪˈlʌktənt]
不情愿的;勉强的"
dynamics	109	"英[daɪˈnæmɪks]
美[daɪˈnæmɪks]
相互作用的方式，动态;力学;动力学;动力;dynamic的复数"
assumed	109	"英[əˈsjuːmd]
美[əˈsuːmd]
假定的;假设的;假定;假设;认为;承担;就;取得;呈现;显露;assume的过去分词和过去式"
formed	109	"英[fɔːmd]
美[fɔːrmd]
出现，产生;形成;成形，组成;制作;form的过去分词和过去式"
gambling	109	"英[ˈɡæmblɪŋ]
美[ˈɡæmblɪŋ]
赌博;打赌;赌钱;赌博，打赌;冒风险;碰运气;以…为赌注;gamble的现在分词"
assured	109	"英[əˈʃʊəd]
美[əˈʃʊrd]
自信的;有把握的;必将发生的;确定的;肯定得到;使确信;向…保证;弄清;查明;确保;使确定;assure的过去分词和过去式;被保险人;保险受益人;深信无疑;非常肯定"
continually	109	"英[kənˈtɪnjʊəli]
美[kənˈtɪnjuəli]
不停地；持续地;频繁地，惯常地，总是"
investors	109	"英[ɪnˈvɛstəz]
美[ɪnˈvɛstərz]
投资者;投资机构;investor的复数"
isolated	109	"英[ˈaɪsəleɪtɪd]
美[ˈaɪsəleɪtɪd]
偏远的;孤零零的;孤独的;孤立的;单独的;只出现一次的;隔离，孤立，脱离;将…剔出;使分离;使离析;isolate的过去分词和过去式"
permission	109	"英[pəˈmɪʃn]
美[pərˈmɪʃn]
准许;许可;批准;许可证;书面许可"
sport	109	"英[spɔːt]
美[spɔːrt]
体育运动;朋友，老兄，哥们儿;得意地穿戴;夸示;故意显示;开心活泼地玩;嬉戏"
occasion	109	"英[əˈkeɪʒn]
美[əˈkeɪʒn]
某次;…的时候;特别的事情;适当的机会;时机;使发生;造成;导致"
object	109	"英[ˈɒbdʒɪkt , əbˈdʒekt]
美[ˈɑːbdʒekt , əbˈdʒekt]
物体;物品;东西;对象;宗旨;目的;目标;不同意;不赞成;反对;提出…作为反对的理由;抗辩说"
arises	109	"英[əˈraɪzɪz]
美[əˈraɪzɪz]
发生;产生;出现;引起;发展;arise的第三人称单数"
secured	109	"英[sɪˈkjʊəd]
美[sɪˈkjʊrd]
获得，取得，实现;拴牢;扣紧;关严;保护;保卫;使安全;secure的过去分词和过去式"
belong	109	"英[bɪˈlɒŋ]
美[bɪˈlɔːŋ]
应在;适应;合得来"
fun	109	"英[fʌn]
美[fʌn]
享乐;乐趣;快乐;享乐的事;嬉戏;逗乐;玩笑;逗乐的;有趣的;使人快乐的;嬉闹;开玩笑"
mathematics	109	"英[ˌmæθəˈmætɪks]
美[ˌmæθəˈmætɪks]
数学;运算;计算"
teams	109	"英[tiːmz]
美[tiːmz]
队;组，班;一组牲畜，联畜;使互相配合;使协作;使合作;team的第三人称单数和复数"
transformed	109	"英[trænsˈfɔːmd]
美[trænsˈfɔːrmd]
使改变形态;使改变外观;使改观;transform的过去分词和过去式"
door	109	"英[dɔː(r)]
美[dɔːr]
门;出入口;门口;门边;门旁"
technique	109	"英[tekˈniːk]
美[tekˈniːk]
技巧;技艺;工艺;技术;技能"
god	109	"英[ɡɒd]
美[ɡɑːd]
上帝;天主;真主;神;极受崇拜的人;被崇拜的偶像"
injured	109	"英[ˈɪndʒəd]
美[ˈɪndʒərd]
受伤的;有伤的;受伤的人;伤员;伤兵;委屈的;受到伤害的;伤害，使受伤;损害，伤害;injure的过去分词和过去式"
contemporary	109	"英[kənˈtemprəri]
美[kənˈtempəreri]
属同时期的;同一时代的;当代的;现代的;同代人;同辈人;同龄人"
fierce	109	"英[fɪəs]
美[fɪrs]
凶猛的;凶狠的;凶残的;狂热的;强烈的;猛烈的;狂暴的;恶劣的"
mixed	109	"英[mɪkst]
美[mɪkst]
混合的;混杂的;人员混杂的;由不同种族的人组成的;掺杂在一起的;混合，掺和，融合;调配;配制;相容;平安相处;mix的过去分词和过去式"
journalist	109	"英[ˈdʒɜːnəlɪst]
美[ˈdʒɜːrnəlɪst]
新闻记者;新闻工作者"
mystery	109	"英[ˈmɪstri]
美[ˈmɪstəri]
神秘的事物;不可理解之事;奥秘;神秘的人;陌生而有趣的人;神秘;不可思议"
luggage	109	"英[ˈlʌɡɪdʒ]
美[ˈlʌɡɪdʒ]
行李"
listeners	109	"英[ˈlɪsnəz]
美[ˈlɪsənərz]
听者;收听广播节目的人;listener的复数"
impression	109	"英[ɪmˈpreʃn]
美[ɪmˈpreʃn]
印象;感想;影响;效果;印象画"
charged	109	"英[tʃɑːdʒd]
美[tʃɑːrdʒd]
紧张的，引起强烈感情的;带电的;收;要价;把…记在账上;在某人账上记入;控告;起诉;charge的过去分词和过去式"
articles	109	"英[ˈɑːtɪklz]
美[ˈɑrtəkəlz]
文章，论文，报道;条款，项;物件，物品;article的第三人称单数和复数"
partial	109	"英[ˈpɑːʃl]
美[ˈpɑːrʃl]
部分的;不完全的;热爱;钟爱;偏颇;偏袒"
spouse	109	"英[spaʊs]
美[spaʊs]
配偶;和…结婚"
literacy	109	"英[ˈlɪtərəsi]
美[ˈlɪtərəsi]
读写能力"
jane	109	"英[]
美[]
简"
behaviors	109	"英[bɪˈheɪvjəz]
美[bɪˈheɪvjərz]
behavior的名词复数"
savings	109	"英[ˈseɪvɪŋz]
美[ˈseɪvɪŋz]
节省物;节省;节约;储蓄金;存款;节约的;节省…的;saving的复数"
disappearing	109	"英[ˌdɪsəˈpɪərɪŋ]
美[ˌdɪsəˈpɪrɪŋ]
消失;不见;不复存在;灭绝;消亡;失踪;丢失;disappear的现在分词"
arms	109	"英[ɑːmz]
美[ɑːrmz]
兵器;武器;武装;装备;备战;给…装上引信;打开…的保险;准备发射;使随时爆炸;arm的第三人称单数和复数"
secretaries	109	"英[ˈsɛkrətriz]
美[ˈsɛkrəˌtɛriz]
秘书;干事，文书;部长;大臣;secretary的复数"
succeeded	109	"英[səkˈsiːdɪd]
美[səkˈsiːdɪd]
达到目的;实现目标;办到;做成;成功;有成就;有作为;接替;继任;随后出现;succeed的过去分词和过去式"
explorer	109	"英[ɪkˈsplɔːrə(r)]
美[ɪkˈsplɔːrər]
探险者;勘探者;考察者"
agents	109	"英[ˈeɪdʒənts]
美[ˈeɪdʒənts]
代理人，经纪人;代理人;原动力，动因;agent的复数"
insensitivity	109	"英[]
美[ɪnˌsɛnsəˈtɪvəti]
钝性；不灵敏性"
neighbors	109	"英[ˈneɪbəz]
美[ˈneɪbərz]
邻居;同胞;邻近的人;邻国;邻近;使接近;位于…附近 (on upon);与…有睦邻关系;neighbor的第三人称单数和复数"
precise	109	"英[prɪˈsaɪs]
美[prɪˈsaɪs]
准确的;确切的;精确的;明确的;就，恰好;细致的;精细的;认真的;一丝不苟的"
wasted	109	"英[ˈweɪstɪd]
美[ˈweɪstɪd]
徒劳无功的;白费的;瘦骨嶙峋的，瘦弱的;极度迷醉的;浪费;滥用;白费;糟蹋;未充分利用;使…屈才;waste的过去分词和过去式"
directed	109	"英[dəˈrektɪd]
美[dəˈrektɪd]
把…对准;管理;监督;指导;导演;指挥;direct的过去分词和过去式"
depression	109	"英[dɪˈpreʃn]
美[dɪˈpreʃn]
抑郁症;精神忧郁;抑郁;沮丧;消沉;萧条期;经济衰退;不景气"
floor	109	"英[flɔː(r)]
美[flɔːr]
地板;地面;底板;楼层;使惊奇;使困惑;击倒，打倒;给…安装地板;给…铺设地面"
extension	109	"英[ɪkˈstenʃn]
美[ɪkˈstenʃn]
扩大;延伸;增加的房间;扩建部分;增建部分"
professors	109	"英[prəˈfɛsəz]
美[prəˈfɛsərz]
教授;讲师，教员;professor的复数"
narrow	109	"英[ˈnærəʊ]
美[ˈnæroʊ]
狭窄的;窄小的;勉强的;刚刚好的;狭隘的;目光短浅的;使窄小;变窄;缩小;海峡;狭路;隘路;狭窄的水道"
emphasized	109	"英[ˈemfəsaɪzd]
美[ˈemfəsaɪzd]
强调;重视;着重;使突出;使明显;重读，强调;加强…的语气;emphasize的过去分词和过去式"
mobility	109	"英[məʊˈbɪləti]
美[moʊˈbɪləti]
流动能力;移动的能力;易于行走的能力"
grammatical	109	"英[ɡrəˈmætɪkl]
美[ɡrəˈmætɪkl]
语法的;文法的;符合语法规则的;合乎文法的"
layer	109	"英[ˈleɪə(r)]
美[ler]
层;表层;层次;阶层;把…分层堆放"
assimilation	109	"英[əˌsɪməˈleɪʃn]
美[əˌsɪməˈleɪʃn]
吸收;接受;同化(使相邻的两个音发音接近，如football中t的发音为p);同化现象"
impartial	109	"英[ɪmˈpɑːʃl]
美[ɪmˈpɑːrʃl]
公正的;不偏不倚的;中立的"
disorders	109	"英[dɪsˈɔːdəz]
美[dɪˈsɔrdərz]
杂乱;混乱;凌乱;骚乱;动乱;失调;紊乱;不适;疾病;disorder的复数"
unity	109	"英[ˈjuːnəti]
美[ˈjuːnəti]
团结一致;联合;统一;完整;完美;和谐;协调;统一性，一致性;三一律"
threaten	109	"英[ˈθretn]
美[ˈθretn]
扬言要;威胁;恐吓;预示凶兆;有…危险;危及;对…构成威胁"
toy	109	"英[tɔɪ]
美[tɔɪ]
玩具;玩物;玩意儿;玩具的;作玩具的;个头很小的;小体型品种的;玩弄;调情;随随便便地对待"
coping	109	"英[ˈkəʊpɪŋ]
美[ˈkoʊpɪŋ]
墙压顶;对付，处理;cope的现在分词"
accidents	109	"英[ˈæksɪdənts]
美[ˈæksədənts]
事故;意外遭遇;不测事件;意外;偶然的事;accident的复数"
purchasing	109	"英[ˈpɜːtʃəsɪŋ]
美[ˈpɜːrtʃəsɪŋ]
购买;采购;买;purchase的现在分词"
contracts	109	"英[kənˈtrækts]
美[kənˈtrækts]
合同;合约;契约;协议;收缩，缩小;感染;得;与…订立合同;contract的第三人称单数和复数"
producers	109	"英[prəˈdjuːsəz]
美[prəˈdusərz]
生产商;制造商;产地;制片人，监制人;舞台监督;制作人，制作公司，监制;producer的复数"
satisfaction	109	"英[ˌsætɪsˈfækʃn]
美[ˌsætɪsˈfækʃn]
满足;满意;欣慰;令人满意的事;满足，达到;妥善处理;清偿;赔偿"
joy	109	"英[dʒɔɪ]
美[dʒɔɪ]
高兴;愉快;喜悦;令人高兴的人;乐事;乐趣;成功;满意;满足"
flying	109	"英[ˈflaɪɪŋ]
美[ˈflaɪɪŋ]
能飞的;乘飞机;飞行;飞行器驾驶;飞;飞翔;飞行，航行;航行，飞行;fly的现在分词"
display	109	"英[dɪˈspleɪ]
美[dɪˈspleɪ]
陈列;展出;展示;显露，表现;显示;展览;表演;显示，表现，表露"
boards	109	"英[bɔːdz]
美[bɔːrdz]
板;木板;…用木板;董事会，委员会，理事会;上船;让乘客登机;付费膳宿;board的第三人称单数和复数"
passionate	109	"英[ˈpæʃənət]
美[ˈpæʃənət]
拥有强烈性爱的;情意绵绵的;怒不可遏的;热诚的;狂热的"
acquaintance	109	"英[əˈkweɪntəns]
美[əˈkweɪntəns]
认识的人;泛泛之交;熟人;认识，略有交情;了解"
predicts	109	"英[prɪˈdɪkts]
美[prɪˈdɪkts]
预言;预告;预报;predict的第三人称单数"
conveyed	109	"英[kənˈveɪd]
美[kənˈveɪd]
表达，传递;传送;运送;输送;convey的过去分词和过去式"
evolving	109	"英[iˈvɒlvɪŋ]
美[iˈvɑːlvɪŋ]
逐渐形成，逐步发展，逐渐演变;进化;进化形成;evolve的现在分词"
theater	109	"英[ˈθɪətə(r)]
美[ˈθiːətər]
剧场;戏剧;战场;戏剧作品"
retailers	109	"英[riːˈteɪləz]
美[ˈriˌteɪlərz]
零售商;零售店;retailer的复数"
fairness	109	"英[ˈfeənəs]
美[ˈfernəs]
公正性;公平合理性;白皙;浅色"
assumes	109	"英[əˈsjuːmz]
美[əˈsuːmz]
假定;假设;认为;承担;就;取得;呈现;显露;assume的第三人称单数"
raw	109	"英[rɔː]
美[rɔː]
生的;未烹制的;未煮的;未经加工的;自然状态的;未经处理的;未经分析的;原始的;擦伤处"
atlantic	109	"英[ətˈlæntɪk]
美[ətˈlæntɪk]
大西洋的;巨人阿特拉斯 的;大西洋"
onto	109	"英[ˈɒntə]
美[ˈɑːntə]
向，朝;朝向，面向"
biologically	109	"英[ˌbaɪəʊˈlɒdʒɪkəli]
美[baɪəˈlɑdʒɪkli]
生物学上;生物学地;从生物学的角度"
praise	109	"英[preɪz]
美[preɪz]
赞扬;称赞;赞美;颂扬，赞颂;表扬"
republicans	109	"英[rɪˈpʌblɪkənz]
美[rɪˈpʌblɪkənz]
拥护共和政体的人;共和主义者;共和党党员;共和党的支持者;北爱尔兰共和主义者;republican的复数"
powerless	109	"英[ˈpaʊələs]
美[ˈpaʊərləs]
无影响力的;无权的;无能为力"
compositions	109	"英[ˌkɒmpəˈzɪʃənz]
美[ˌkɑmpəˈzɪʃənz]
成分;构成;组合方式;作品;作曲;创作;composition的复数"
cycles	109	"英[ˈsaɪklz]
美[ˈsaɪklz]
自行车;摩托车;循环;整套，整个系列;骑自行车;骑自行车旅行;cycle的第三人称单数和复数"
foot	109	"英[fʊt]
美[fʊt]
脚，足;有…脚;有…只脚;用…脚;足部;走，踏;合计，结算（up），加（to），支付"
register	109	"英[ˈredʒɪstə(r)]
美[ˈredʒɪstər]
登记;注册;发表意见，提出主张;显示;记录;登记表;注册簿;登记簿;声区;音区;语体风格，语域"
broader	109	"英[ˈbrɔːdə]
美[ˈbrɔdər]
宽阔的;广阔的;…宽;涉及各种各样的人的;广泛的;broad的比较级"
consuming	109	"英[kənˈsjuːmɪŋ]
美[kənˈsuːmɪŋ]
强烈的;重要的;令人着迷的;消耗，耗费;吃;喝;饮;使充满;consume的现在分词"
superior	109	"英[suːˈpɪəriə(r)]
美[suːˈpɪriər]
更好的;占优势;更胜一筹;更高的;有优越感的;高傲的;级别更高的人;上级;上司;用作宗教团体领导的头衔"
legislative	109	"英[ˈledʒɪslətɪv]
美[ˈledʒɪsleɪtɪv]
立法的;制定法律的;立法权;立法机关"
bills	109	"英[bɪlz]
美[bɪlz]
账单;议案，法案;给开账单，发账单;把宣传为…;宣布…将做某事;bill的第三人称单数和复数"
motivated	109	"英[ˈməʊtɪveɪtɪd]
美[ˈmoʊtɪveɪtɪd]
成为…的动机;是…的原因;推动…甘愿苦干;激励;激发;给出理由;说明…的原因;motivate的过去分词和过去式"
accomplishments	109	"英[əˈkɒmplɪʃmənts]
美[əˈkɑmplɪʃmənts]
成就;成绩;才艺;技艺;专长;完成;accomplishment的复数"
signed	109	"英[saɪnd]
美[saɪnd]
签;署;签字;签署;和…签约;示意;打手势;sign的过去分词和过去式"
conceive	109	"英[kənˈsiːv]
美[kənˈsiːv]
想出;想象;构想;设想;怀孕;怀"
desk	109	"英[desk]
美[desk]
书桌;写字台;办公桌;问讯台，服务台，工作台;办公处，部，室，组"
applied	109	"英[əˈplaɪd]
美[əˈplaɪd]
应用的;实用的;申请，请求;使用;应用;涂;敷;施;apply的过去分词和过去式"
poorly	109	"英[ˈpɔːli]
美[ˈpʊrli]
糟糕地;不如意;不足;有病;不适;不舒服"
resort	104	"英[rɪˈzɔːt]
美[rɪˈzɔːrt]
旅游胜地;度假胜地;诉诸;求助;采取;应急措施;可首先采取的手段;求助，诉诸;常去;采取某手段或方法"
closing	104	"英[ˈkləʊzɪŋ]
美[ˈkloʊzɪŋ]
接近尾声的，结尾的，结束的;停业，关闭;倒闭;关;关闭;闭上;合上;合拢;关门，关闭;不开放;close的现在分词"
colder	104	"英[ˈkəʊldə]
美[ˈkoʊldər]
突然;完全;毫无准备地;寒冷的;冷的;未热过的;已凉的;冷却的;冷漠的;不友好的;cold的比较级"
centre	104	"英[ˈsentə(r)]
美[ˈsentər]
中心点;中心;正中;中央;中心区;人口集中的地区;商业中心区;文化中心区;把…放在中央"
structural	104	"英[ˈstrʌktʃərəl]
美[ˈstrʌktʃərəl]
结构上的"
lectures	104	"英[ˈlektʃəz]
美[ˈlektʃərz]
讲座，讲课，演讲;教训，训斥，谴责;开讲座，讲授，讲课;指责，训斥，告诫;lecture的第三人称单数和复数"
ordered	104	"英[ˈɔːdəd]
美[ˈɔːrdərd]
精心安排的;组织有序的;命令;指挥;要求;订购;订货;要求提供服务;点;order的过去分词和过去式"
conveniences	104	"英[kənˈviːniənsɪz]
美[kənˈvinjənsɪz]
方便;适宜;便利;便利的事物;方便的用具;convenience的复数"
unexpectedly	104	"英[ˌʌnɪksˈpɛktɪdli]
美[ˌʌnɪkˈspɛktɪdli]
意外地;出乎意料地;无意"
mirror	104	"英[ˈmɪrə(r)]
美[ˈmɪrər]
镜子;写照;反映某种情况的事物;反映;映照;反射"
compelled	104	"英[kəmˈpeld]
美[kəmˈpeld]
强迫;迫使;使必须;引起;compel的过去分词和过去式"
accurate	104	"英[ˈækjərət]
美[ˈækjərət]
正确无误的;精确的;准确的"
metropolitan	104	"英[ˌmetrəˈpɒlɪtən]
美[ˌmetrəˈpɑːlɪtən]
大城市的;大都会的;本土的;大城市人;大主教;宗主国的公民;有大城市气派的人"
golden	104	"英[ˈɡəʊldən]
美[ˈɡoʊldən]
金质的;金的;金色的;金黄色的;特别的;美好的"
prevented	104	"英[prɪˈventɪd]
美[prɪˈventɪd]
阻止;阻碍;阻挠;prevent的过去分词和过去式"
shocked	104	"英[ʃɒkt]
美[ʃɑːkt]
使震惊;使惊愕;使气愤;使厌恶;shock的过去分词和过去式"
flights	104	"英[flaɪts]
美[flaɪts]
空中航行，航程;航班飞机;班机;飞行;飞翔;使在空中飞行;flight的第三人称单数和复数"
jim	104	"英[ˈdʒɪm]
美[ˈdʒɪm]
吉姆"
quietly	104	"英['kwaɪətli]
美[ˈkwaɪətli]
轻声地;安静地;平静地；文静地；温和地;在暗中,秘密地;不张扬地"
meal	104	"英[miːl]
美[miːl]
早餐;一顿饭;一餐所吃的食物;谷物粗粉"
walked	104	"英[wɔːkt]
美[wɔːkt]
走;行走;步行;徒步旅行;散步;陪伴…走;护送…走;walk的过去分词和过去式"
mission	104	"英[ˈmɪʃn]
美[ˈmɪʃn]
官方使命;使团的使命;使团;代表团;执行任务的地点;传教，布道;布道团;作艰苦的长途旅行"
prof	104	"英[prɒf]
美[prɑːf]
同“professor”"
manpower	104	"英[ˈmænpaʊə(r)]
美[ˈmænpaʊər]
劳动力;人手;人力"
reaches	104	"英[ˈriːtʃɪz]
美[ˈriːtʃɪz]
河段;流域;游;区域;地带;层级;到达;抵达;引起…的注意;增加到，提升到;reach的第三人称单数"
cheaper	104	"英[ˈtʃiːpə]
美[ˈtʃipər]
低价地;廉价地;便宜地;花钱少的;便宜的;廉价的;收费低廉的;价低质劣的;cheap的比较级"
minister	104	"英[ˈmɪnɪstə(r)]
美[ˈmɪnɪstər]
部长，大臣;牧师;公使;外交使节;辅助;服侍;照顾;帮助;服务"
fascinating	104	"英[ˈfæsɪneɪtɪŋ]
美[ˈfæsɪneɪtɪŋ]
极有吸引力的;迷人的;深深吸引;迷住;fascinate的现在分词"
preferred	104	"英[prɪˈfɜːd]
美[prɪˈfɜːrd]
较喜欢;喜欢…多于…;prefer的过去分词和过去式"
locations	104	"英[ləʊˈkeɪʃənz]
美[loʊˈkeɪʃənz]
地方;地点;位置;外景拍摄地;定位;location的复数"
whoever	104	"英[huːˈevə(r)]
美[huːˈevər]
…的那个人;…的任何人;无论谁;不管什么人;究竟是谁，到底是谁"
loud	104	"英[laʊd]
美[laʊd]
喧闹的;响亮的;大声的;说话太大声的;吵闹的;俗艳的;花哨的;喧闹地;大声地;响亮地"
budget	104	"英[ˈbʌdʒɪt]
美[ˈbʌdʒɪt]
预算;政府的年度预算;谨慎花钱;把…编入预算;价格低廉的;花钱少的"
senses	104	"英[ˈsensɪz]
美[ˈsensɪz]
感觉到;意识到;觉察出;检测出;sense的第三人称单数"
severely	104	"英[sɪ'vɪə(r)li]
美[sɪ'vɪrli]
严重地;严厉地;严格地;苛刻地"
prejudices	104	"英[ˈpredʒudɪsɪz]
美[ˈpredʒudɪsɪz]
偏见;成见;使怀有偏见;损害;有损于;prejudice的第三人称单数和复数"
approved	104	"英[əˈpruːvd]
美[əˈpruːvd]
被正式接受的，被正式认可的;赞成;同意;批准，通过;认可;核准;approve的过去分词和过去式"
polite	104	"英[pəˈlaɪt]
美[pəˈlaɪt]
有礼貌的;客气的;儒雅的;应酬的;礼节性的;客套的;上流社会的"
enjoyment	104	"英[ɪnˈdʒɔɪmənt]
美[ɪnˈdʒɔɪmənt]
愉快;快乐;乐趣;乐事;令人愉快的事;享有;享受"
originally	104	"英[əˈrɪdʒənəli]
美[əˈrɪdʒənəli]
原来;起初"
event	104	"英[ɪˈvent]
美[ɪˈvent]
发生的事情;重要事情，大事;公开活动;社交场合;比赛项目"
possess	104	"英[pəˈzes]
美[pəˈzes]
有;拥有;具有;攫住;支配;控制"
lean	104	"英[liːn]
美[liːn]
前俯;倾斜;倚靠;靠在;靠置;使斜靠;肉少的;瘦且健康的;脂肪少的;无脂肪的;难以赚钱的;生产不出的;贫乏的;瘦肉"
functional	104	"英[ˈfʌŋkʃənl]
美[ˈfʌŋkʃənl]
实用的;作用的;功能的;机能的;职能的;起作用的，工作的，运转的"
pose	104	"英[pəʊz]
美[poʊz]
造成;引起;产生;提问;质询;摆好姿势;姿势;装腔作势;故作姿态"
substitute	104	"英[ˈsʌbstɪtjuːt]
美[ˈsʌbstɪtuːt]
代替者;代替物;代用品;替补;代替;取代"
detached	104	"英[dɪˈtætʃt]
美[dɪˈtætʃt]
单独的;独立的;不连接的;不带感情的;超然的;冷漠的;客观的;公正的;无偏见的;拆卸;分开，脱离;挣脱;摆脱;离开;派遣;分遣;分派;detach的过去分词和过去式"
couples	104	"英[ˈkʌplz]
美[ˈkʌplz]
两人;两件事物;几个人;几件事物;一对;夫妻，情侣;连接，结合;性交;交配;couple的第三人称单数和复数"
slower	104	"英[ˈsləʊə]
美[ˈsloʊər]
慢速地;缓慢地;缓慢的;迟缓的;耗时的;慢的;慢速的;低速的;迟迟不…;不乐意;慢吞吞的;slow的比较级"
furniture	104	"英[ˈfɜːnɪtʃə(r)]
美[ˈfɜːrnɪtʃər]
家具"
manageable	104	"英[ˈmænɪdʒəbl]
美[ˈmænɪdʒəbl]
可操纵的;可处理的"
conflicts	104	"英[kənˈflɪkts]
美[kənˈflɪkts]
冲突;争执;争论;战斗;抵触;矛盾;不一致;冲突，抵触;conflict的第三人称单数和复数"
outer	104	"英[ˈaʊtə(r)]
美[ˈaʊtər]
外表的;外边的;远离中心的;外围的"
haven	104	"英[ˈheɪvn]
美[ˈheɪvn]
安全的地方;保护区;避难所;把开进港;为…提供避难场所;掩护"
unhappy	104	"英[ʌnˈhæpi]
美[ʌnˈhæpi]
不快乐的;不幸福的;难过的;悲伤的;不悦的;不高兴的;不满的;不幸的;不适当的"
separation	104	"英[ˌsepəˈreɪʃn]
美[ˌsepəˈreɪʃn]
分离;分开;分割;隔离;离别;分居"
opposition	104	"英[ˌɒpəˈzɪʃn]
美[ˌɑːpəˈzɪʃn]
反对，反抗，对抗;对手，敌手，竞争者;反对党;在野党"
shore	104	"英[ʃɔː(r)]
美[ʃɔːr]
岸，滨;国家;支撑，使稳住;用支柱撑住;shear的过去式"
fundamentally	104	"英[ˌfʌndəˈmentəli]
美[ˌfʌndəˈmentəli]
根本上;完全地;从根本上说，基本上"
quoted	104	"英[ˈkwəʊtɪd]
美[ˈkwoʊtɪd]
引用;引述;举例说明;开价;出价;报价;quote的过去分词和过去式"
missions	104	"英[ˈmɪʃnz]
美[ˈmɪʃnz]
官方使命;使团的使命;使团;代表团;执行任务的地点;传教，布道;布道团;作艰苦的长途旅行;mission的第三人称单数和复数"
attained	104	"英[əˈteɪnd]
美[əˈteɪnd]
获得，得到;达到;attain的过去分词和过去式"
returns	104	"英[rɪˈtɜːnz]
美[rɪˈtɜːrnz]
回来;回去;返回;带回;送回;放回;退还;恢复;重现;归来;归还;退回;return的第三人称单数和复数"
sunday	104	"英[ˈsʌndeɪ]
美[ˈsʌndeɪ]
星期日;星期天;每逢星期日出版的报纸;星期日报"
headlines	104	"英[ˈhedlaɪnz]
美[ˈhedlaɪnz]
大字标题;新闻摘要;给加标题;是主角;headline的第三人称单数和复数"
guaranteed	104	"英[ˌɡærənˈtiːd]
美[ˌɡærənˈtiːd]
必然的;确定会发生的;保证;担保;保障;提供保修单;使必然发生;确保;guarantee的过去分词和过去式"
trigger	104	"英[ˈtrɪɡə(r)]
美[ˈtrɪɡər]
扳机;起因，诱因;触发器;引爆器;发动;引起;触发;开动;起动"
questioned	104	"英[ˈkwestʃənd]
美[ˈkwestʃənd]
正式提问;质询;问;表示疑问;怀疑;question的过去分词和过去式"
nasty	104	"英[ˈnɑːsti]
美[ˈnæsti]
极差的;令人厌恶的;令人不悦的;不友好的;恶意的;令人不愉快的;危险的;严重的;令人不愉快的事物"
controversy	104	"英[ˈkɒntrəvɜːsi]
美[ˈkɑːntrəvɜːrsi]
争论，辩论，论战"
concentrate	104	"英[ˈkɒnsntreɪt]
美[ˈkɑːnsntreɪt]
集中;聚精会神;使…集中;浓缩;浓缩物"
east	104	"英[iːst]
美[iːst]
东;东方;东部;东边;亚洲国家，东方国家;东方的;向东的;东部的;东风的;东方吹来的;向东;朝东"
notably	104	"英[ˈnəʊtəbli]
美[ˈnoʊtəbli]
尤其;特别;极大程度上;非常"
considerations	104	"英[kənˌsɪdəˈreɪʃənz]
美[kənˌsɪdəˈreɪʃənz]
仔细考虑;深思;斟酌;必须考虑的事;考虑周到，体谅，顾及;consideration的复数"
owners	104	"英[ˈəʊnəz]
美[ˈoʊnərz]
物主;所有权人;主人;owner的复数"
applies	104	"英[əˈplaɪz]
美[əˈplaɪz]
申请，请求;使用;应用;涂;敷;施;apply的第三人称单数"
infections	104	"英[ɪnˈfɛkʃənz]
美[ɪnˈfɛkʃənz]
传染;感染;传染病;infection的复数"
insignificant	104	"英[ˌɪnsɪɡˈnɪfɪkənt]
美[ˌɪnsɪɡˈnɪfɪkənt]
微不足道的;无足轻重的"
rent	104	"英[rent]
美[rent]
租金;破裂处;裂口;撕裂;租用，租借;出租;将…租给;rend的过去分词和过去式"
gap	104	"英[ɡæp]
美[ɡæp]
开口;豁口;缺口;裂口;间断;间隔;间隙;分歧;隔阂;差距;造成缝隙;使成缺口;使豁裂豁开;张开;有缺口;露出裂口"
miserable	104	"英[ˈmɪzrəbl]
美[ˈmɪzrəbl]
痛苦的;非常难受的;可怜的;使难受的;使不舒服的;令人不快的;乖戾的;脾气严峻"
exhibit	104	"英[ɪɡˈzɪbɪt]
美[ɪɡˈzɪbɪt]
展览;展出;表现，显示，显出;展览品，陈列品;物证，证据"
admissions	104	"英[ədˈmɪʃnz]
美[ədˈmɪʃnz]
准许加入，加入权，进入权;承认，招认，招供;入场费;门票费;admission的复数"
ignoring	104	"英[ɪɡˈnɔːrɪŋ]
美[ɪɡˈnɔːrɪŋ]
忽视;对…不予理会;佯装未见;不予理睬;ignore的现在分词"
bargain	104	"英[ˈbɑːɡən]
美[ˈbɑːrɡən]
减价品;便宜货;协议;交易;讨价还价，商讨条件"
purely	104	"英[ˈpjʊəli]
美[ˈpjʊrli]
仅仅;完全"
displays	104	"英[dɪˈspleɪz]
美[dɪˈspleɪz]
陈列;展出;展示;显露，表现;显示;展览;表演;显示，表现，表露;display的第三人称单数和复数"
arranged	104	"英[əˈreɪndʒd]
美[əˈreɪndʒd]
安置于…的;建于…的;…布置的;安排;筹备;整理;排列;布置;谱写，改编;arrange的过去分词和过去式"
pessimistic	104	"英[ˌpesɪˈmɪstɪk]
美[ˌpesɪˈmɪstɪk]
悲观的;悲观主义的"
myth	104	"英[mɪθ]
美[mɪθ]
神话;神话故事;虚构的东西;荒诞的说法;不真实的事"
conventions	104	"英[kənˈvɛnʃənz]
美[kənˈvɛnʃənz]
习俗;常规;惯例;大会，集会;公约，协定，协议;convention的复数"
cooperate	104	"英[kəʊˈɒpəreɪt]
美[koʊˈɑːpəreɪt]
合作;协作;协助;配合"
fraction	104	"英[ˈfrækʃn]
美[ˈfrækʃn]
小部分;少量;一点儿;分数;小数"
kennedy	104	"英[ˈkɛnɪdi]
美[ˈkɛnədi]
肯尼迪（John Fitzgerald，1917—1963，美国政治家，于1961—1963年任美国第三十五任总统）"
socially	104	"英['səʊʃ(ə)li]
美['soʊʃ(ə)li]
社会上;交际上;和睦地"
weekly	104	"英[ˈwiːkli]
美[ˈwiːkli]
每周的;周报;周刊;一星期一次，每周"
cautious	104	"英[ˈkɔːʃəs]
美[ˈkɔːʃəs]
小心的;谨慎的"
educators	104	"英[ˈɛdju(ː)keɪtəz]
美[ˈɛdʒəˌkeɪtərz]
教育工作者;教师;教育学家;教育家;educator的复数"
settlement	104	"英[ˈsetlmənt]
美[ˈsetlmənt]
协议;解决;处理"
citizenry	104	"英[ˈsɪtɪzənri]
美[ˈsɪtɪzənri]
全体市民"
detailed	104	"英[ˈdiːteɪld]
美[ˈdiːteɪld]
详细的;细致的;精细的;详细列举;详细说明;详述;派遣;选派;分遣;彻底清洗;detail的过去分词和过去式"
oh	104	"英[əʊ]
美[oʊ]
哦，唔;啊，哈，哎哟;喂，嘿，嗨"
conception	104	"英[kənˈsepʃn]
美[kənˈsepʃn]
构思;构想;设想;理解;怀孕;受孕"
arrangement	104	"英[əˈreɪndʒmənt]
美[əˈreɪndʒmənt]
安排;筹备;安排方式;布置;商定;约定"
relationships	104	"英[rɪˈleɪʃənʃɪps]
美[riˈleɪʃənˌʃɪps]
关系，联系;情爱关系;性爱关系;关联，关系;relationship的复数"
debates	104	"英[dɪˈbeɪts]
美[dɪˈbeɪts]
辩论;争论，辩论，讨论;讨论，辩论;仔细考虑;思考;盘算;debate的第三人称单数和复数"
lengthy	104	"英[ˈleŋθi]
美[ˈleŋθi]
很长的;漫长的;冗长的"
disagrees	104	"英[ˌdɪsəˈɡriːz]
美[ˌdɪsəˈɡriːz]
不同意;持不同意见;有分歧;不符;不一致;disagree的第三人称单数"
conducted	104	"英[kənˈdʌktɪd]
美[kənˈdʌktɪd]
组织;安排;实施;执行;指挥;带领;引导;为导游;conduct的过去分词和过去式"
gaps	104	"英[gæps]
美[gæps]
开口;豁口;缺口;裂口;间断;间隔;间隙;分歧;隔阂;差距;gap的第三人称单数和复数"
worldwide	104	"英[ˌwɜːldˈwaɪd]
美[ˌwɜːrldˈwaɪd]
影响全世界的;世界各地的;遍及全球地"
oblige	104	"英[əˈblaɪdʒ]
美[əˈblaɪdʒ]
强迫，迫使;帮忙，效劳"
interviews	104	"英[ˈɪntəvjuːz]
美[ˈɪntərvjuːz]
面试;面谈;记者采访，访谈;面谈，会谈，晤谈;对进行面试;接受面试;采访，访问;interview的第三人称单数和复数"
astonishing	104	"英[əˈstɒnɪʃɪŋ]
美[əˈstɑːnɪʃɪŋ]
令人十分惊讶的;使人大为惊奇的;难以置信的;使十分惊讶;使大为惊奇;使吃惊;astonish的现在分词"
excellent	104	"英[ˈeksələnt]
美[ˈeksələnt]
优秀的;杰出的;极好的;好极了，妙极了"
altered	104	"英[ˈɔːltəd]
美[ˈɔːltərd]
改变，更改，改动;修改;alter的过去分词和过去式"
dare	104	"英[deə(r)]
美[der]
敢于;胆敢;激;问有没有胆量;谅没胆量;激将;挑战"
inviting	104	"英[ɪnˈvaɪtɪŋ]
美[ɪnˈvaɪtɪŋ]
诱人的;吸引人的;邀请;邀请，请求，要求;招致;invite的现在分词"
defense	104	"英[dɪ'fens]
美[dɪ'fens]
防卫，防护；防御措施；防守;谋划抵御"
validity	104	"英[vəˈlɪdəti]
美[vəˈlɪdəti]
有效，合法性;认可;符合逻辑;正当;正确"
mountain	104	"英[ˈmaʊntən]
美[ˈmaʊntn]
高山;山岳;许多;大量"
criticizes	104	"英[ˈkrɪtɪsaɪzɪz]
美[ˈkrɪtɪsaɪzɪz]
批评;批判;挑剔;指责;评论;评价;criticize的第三人称单数"
strike	104	"英[straɪk]
美[straɪk]
撞;碰;撞击;碰撞;打;击;击打，踢;罢工;罢课;罢市;军事进攻;袭击;空袭;踢"
endeavor	104	"英[ɪnˈdɛvə]
美[ɪnˈdɛvər]
努力，尽力，企图，试图"
architecture	104	"英[ˈɑːkɪtektʃə(r)]
美[ˈɑːrkɪtektʃər]
建筑学;建筑设计;建筑风格;体系结构;结构"
stating	104	"英[ˈsteɪtɪŋ]
美[ˈsteɪtɪŋ]
陈述;说明;声明;规定;公布;state的现在分词"
manufacturers	104	"英[ˌmænjʊˈfæktʃərəz]
美[ˌmænjəˈfæktʃərərz]
生产者;制造者;生产商;manufacturer的复数"
explaining	104	"英[ɪkˈspleɪnɪŋ]
美[ɪkˈspleɪnɪŋ]
解释;说明;阐明;说明原因;解释理由;explain的现在分词"
perfectly	104	"英[ˈpɜːfɪktli]
美[ˈpɜːrfɪktli]
完全地;非常;十分;完美地;完好地;圆满地"
july	104	"英[dʒuˈlaɪ]
美[dʒuˈlaɪ]
七月"
chair	104	"英[tʃeə(r)]
美[tʃer]
椅子;主席席位;委员长职位;主席;委员长;系主任;担任主席;主持"
pieces	104	"英[ˈpiːsɪz]
美[ˈpiːsɪz]
片;块;段;截;标准的量;碎片;碎块;零件;部件;修补;接合;凑合;piece的第三人称单数和复数"
tells	104	"英[telz]
美[telz]
告诉;告知;提供;说明;显示;讲述;说;表达;tell的第三人称单数和复数"
humble	104	"英[ˈhʌmbl]
美[ˈhʌmbl]
谦逊的;虚心的;表示谦逊，但不够诚挚或认真;低下的，卑微的;贬低;使感到卑微;轻松打败;低声下气;谦逊;虚心"
wherever	104	"英[weərˈevə(r)]
美[werˈevər]
在任何地方;在…的各个地方;各处;处处;在所有…的情况下;究竟在哪里，究竟到哪儿"
caring	104	"英[ˈkeərɪŋ]
美[ˈkerɪŋ]
乐于助人的;关心他人的;体贴人的;关注;在意;担忧;关心;关怀;努力做;care的现在分词"
foreseen	104	"英[fɔːˈsiːn]
美[fɔːrˈsiːn]
预料;预见;预知;foresee的过去分词"
stimuli	104	"英[ˈstɪmjʊlaɪ]
美[ˈstɪmjəˌlaɪ]
促进因素;激励因素;刺激物;刺激;stimulus的复数"
atmospheric	104	"英[ˌætməsˈferɪk]
美[ˌætməsˈferɪk]
大气的;大气层的;令人激动的;使人动感情的"
cook	104	"英[kʊk]
美[kʊk]
烹饪;烹调;煮;密谋;秘密策划;做饭的人;炊事员;厨师"
statement	104	"英[ˈsteɪtmənt]
美[ˈsteɪtmənt]
说明;说法;表白;表态;声明;陈述;报告;结算单;清单;报表;对儿童进行特殊教育评估认定"
maybe	104	"英[ˈmeɪbi]
美[ˈmeɪbi]
大概，或许，可能;或许，也许;或许"
restaurant	104	"英[ˈrestrɒnt]
美[ˈrestrɑːnt]
餐馆;餐厅"
launch	104	"英[lɔːntʃ]
美[lɔːntʃ]
开始从事，发起，发动;上市，发行;使下水;发射;下水;上市;发起;大型汽艇;机动大舢板;交通艇"
cautiously	104	"英[ˈkɔːʃəsli]
美[ˈkɔʃəsli]
小心地，谨慎地"
holiday	104	"英[ˈhɒlədeɪ]
美[ˈhɑːlədeɪ]
假期;度假期;假日，节日;度假;休假"
outdated	104	"英[ˌaʊtˈdeɪtɪd]
美[ˌaʊtˈdeɪtɪd]
过时的;陈旧的;使过时；使落伍；使陈旧;outdate的过去分词和过去式"
gathered	104	"英[ˈɡæðəd]
美[ˈɡæðərd]
聚集;集合;召集;收拢，归拢;搜集，收集;gather的过去分词和过去式"
inc	104	"英[]
美[ɪŋk]
include 包括;income 收入"
runs	104	"英[rʌnz]
美[rʌnz]
跑;奔跑;跑步;做跑步运动;run的第三人称单数"
modify	104	"英[ˈmɒdɪfaɪ]
美[ˈmɑːdɪfaɪ]
调整;稍作修改;使更适合;缓和;使温和;修饰"
appreciation	104	"英[əˌpriːʃiˈeɪʃn]
美[əˌpriːʃiˈeɪʃn]
欣赏;理解;体谅;同情;感激;感谢"
participate	104	"英[pɑːˈtɪsɪpeɪt]
美[pɑːrˈtɪsɪpeɪt]
参加;参与"
taxi	104	"英[ˈtæksi]
美[ˈtæksi]
出租汽车;计程车;的士;小公共汽车，小巴士;滑行"
declare	104	"英[dɪˈkleə(r)]
美[dɪˈkler]
公布;宣布;宣告;表明;宣称;断言;申报"
determines	104	"英[dɪˈtɜːmɪnz]
美[dɪˈtɜːrmɪnz]
查明;测定;准确算出;决定;形成;支配;影响;确定;裁决;安排;determine的第三人称单数"
enhanced	104	"英[ɪnˈhɑːnst]
美[ɪnˈhænst]
提高;增强;增进;enhance的过去分词和过去式"
persuaded	104	"英[pəˈsweɪdɪd]
美[pərˈsweɪdɪd]
劝说;说服;使信服;使相信;persuade的过去分词和过去式"
meaningless	104	"英[ˈmiːnɪŋləs]
美[ˈmiːnɪŋləs]
毫无意义的;毫无目的的;无价值的;不重要的;无所谓的;意思不明确的;晦涩的"
kindness	104	"英[ˈkaɪndnəs]
美[ˈkaɪndnəs]
仁慈;善良;体贴;宽容;友好的举动"
somewhere	104	"英[ˈsʌmweə(r)]
美[ˈsʌmwer]
在某处;到某处"
weakened	104	"英[ˈwiːkənd]
美[ˈwiːkənd]
虚弱，衰弱;减弱;削弱;使减弱;动摇;犹豫;weaken的过去分词和过去式"
youth	104	"英[juːθ]
美[juːθ]
青年时期;年轻;青春;朝气;青年男子;小伙子"
destroy	104	"英[dɪˈstrɔɪ]
美[dɪˈstrɔɪ]
摧毁;毁灭;破坏;杀死，消灭，人道毁灭"
harsh	104	"英[hɑːʃ]
美[hɑːrʃ]
残酷的;严酷的;严厉的;恶劣的;艰苦的;强烈刺眼的;丑陋的"
relieve	104	"英[rɪˈliːv]
美[rɪˈliːv]
解除，减轻，缓和;减轻;缓和;缓解;调剂;使有趣"
concludes	104	"英[kənˈkluːdz]
美[kənˈkluːdz]
断定;推断出;得出结论;结束，终止;达成，订立，缔结;conclude的第三人称单数"
peter	104	"英[ˈpiːtə(r)]
美[ˈpiːtər]
渐渐枯竭【消失】;逐渐减少;使…精疲力竭;麻醉品;保险箱"
tickets	104	"英[ˈtɪkɪts]
美[ˈtɪkɪts]
票;券;车票;戏票;入场券;奖券;彩票;标签;售票;给…门票;送票;发出交通违章通知单;ticket的第三人称单数和复数"
cutting	104	"英[ˈkʌtɪŋ]
美[ˈkʌtɪŋ]
剪报;杂志剪辑资料;插枝，插条;狭窄通道，路堑，河床;尖刻的;刻薄的;挖苦人的;凛冽的;刺骨的;切;割;割破;划破;切下，割下;切成，割成;cut的现在分词"
merits	104	"英[ˈmerɪts]
美[ˈmerɪts]
优点;美德;价值;值得赞扬的特点;功绩;长处;良好;应得;值得;merit的第三人称单数和复数"
notions	104	"英[ˈnəʊʃənz]
美[ˈnoʊʃənz]
观念;信念;理解;notion的复数"
stanford	104	"英[]
美['stænfərd]
斯坦福"
sends	104	"英[sendz]
美[sendz]
邮寄;发送;传达;转致;告知;派遣;打发;安排去;send的第三人称单数"
petrol	104	"英[ˈpetrəl]
美[ˈpetrəl]
汽油"
psychologists	104	"英[saɪˈkɒlədʒɪsts]
美[saɪˈkɑlədʒəsts]
心理学家;心理学研究者;psychologist的复数"
stocks	104	"英[stɒks]
美[stɑːks]
现货，存货，库存;储备物;备用物;供应物;股本;资本;存货;贮备，贮存;stock的第三人称单数和复数"
boat	104	"英[bəʊt]
美[boʊt]
小船;汽艇;舟;船"
bold	104	"英[bəʊld]
美[boʊld]
大胆自信的;敢于表白情感的;敢于冒险的;明显的;轮廓突出的;粗体的;黑体的;黑体;粗体"
suffered	104	"英[ˈsʌfəd]
美[ˈsʌfərd]
受苦，受难，受折磨;遭受;蒙受;变差;变糟;suffer的过去分词和过去式"
recognition	103	"英[ˌrekəɡˈnɪʃn]
美[ˌrekəɡˈnɪʃn]
认出;认识;识别;承认;认可;赞誉;赏识;奖赏"
branches	103	"英[ˈbrɑːntʃɪz]
美[ˈbræntʃɪz]
树枝;分支;分部;分行;分店;政府部门;分支机构;分开;分岔;branch的第三人称单数和复数"
trains	103	"英[treɪnz]
美[treɪnz]
火车;列车;列队行进的人;队列;行列;一系列相关的事情;训练;培训;接受训练;进行…训练;进行体育锻炼;教育;培养…的能力;train的第三人称单数和复数"
football	103	"英[ˈfʊtbɔːl]
美[ˈfʊtbɔːl]
足球运动;足球;橄榄球;屡起争议的问题;被踢来踢去的难题"
developments	103	"英[dɪˈvɛləpmənts]
美[dɪˈvɛləpmənts]
发展;发育;成长;壮大;开发;研制;研制成果;发展事态，进展情况，发展阶段;development的复数"
undergraduate	103	"英[ˌʌndəˈɡrædʒuət]
美[ˌʌndərˈɡrædʒuət]
本科生"
enterprise	103	"英[ˈentəpraɪz]
美[ˈentərpraɪz]
公司;企业单位;事业单位;规划，事业;企业发展;企业经营;企业活动"
mergers	103	"英[ˈmɜːdʒəz]
美[ˈmɜrdʒərz]
合并，归并;merger的复数"
humor	103	"英[ˈhjuːmə]
美[ˈhjuːmə(r)]
滑稽；幽默;情绪；心情;体液;迎合；迁就；让步；使满足；变通办理；用巧办法处理"
ships	103	"英[ʃɪps]
美[ʃɪps]
船;舰;船运;运输;运送;上市;把…推向市场;舷侧进水;ship的第三人称单数和复数"
einstein	103	"英['aɪnˌstaɪn]
美['aɪnˌstaɪn]
爱因斯坦"
smokers	103	"英[ˈsməʊkəz]
美[ˈsmoʊkərz]
吸烟者;smoker的复数"
hurt	103	"英[hɜːt]
美[hɜːrt]
疼痛，受伤;感到疼痛;使不快;使烦恼;受伤的;心灵创伤;委屈"
birds	103	"英[bɜːdz]
美[bɜːrdz]
鸟;禽;姑娘;妞;某类人;古怪的人，不寻常的人;bird的第三人称单数和复数"
ratio	103	"英[ˈreɪʃiəʊ]
美[ˈreɪʃioʊ]
比率;比例"
revival	103	"英[rɪˈvaɪvl]
美[rɪˈvaɪvl]
进步，振兴，复苏;复兴;再流行;重演"
disadvantages	103	"英[ˌdɪsədˈvɑːntɪdʒɪz]
美[ˌdɪsədˈvæntɪdʒɪz]
不利因素;障碍;不便之处;disadvantage的复数"
treatments	103	"英[ˈtriːtmənts]
美[ˈtritmənts]
治疗;疗法;诊治;对待;待遇;处理;讨论;论述;treatment的复数"
outcome	103	"英[ˈaʊtkʌm]
美[ˈaʊtkʌm]
结果;效果"
admitting	103	"英[ədˈmɪtɪŋ]
美[ədˈmɪtɪŋ]
承认;招认;招供;准许…进入;admit的现在分词"
galileo	103	"英[ˌgæləˈleɪəʊ]
美[ˌgæləˈlioʊ]
伽利略，"
dying	103	"英[ˈdaɪɪŋ]
美[ˈdaɪɪŋ]
临终的;临死的;垂死的;垂死者;临终者;死;死亡;凋谢;消失;消亡;灭亡;停止运转;die的现在分词"
assets	103	"英[ˈæsets]
美[ˈæsets]
有价值的人;有用的人;资产;财产;asset的复数"
sat	103	"英[sæt]
美[sæt]
坐;使坐;使就座;处在;坐落在;被放在;sit的过去分词和过去式"
rome	103	"英[rəʊm]
美[roʊm]
罗梅"
downshifting	103	"英[ˈdaʊnʃɪftɪŋ]
美[ˈdaʊnʃɪftɪŋ]
调到低速挡，换低挡;减慢节奏;downshift的现在分词"
smoke	98	"英[sməʊk]
美[smoʊk]
烟;吸烟;抽烟;吸;抽;吸烟，抽烟;冒烟"
monkeys	98	"英[ˈmʌŋkiz]
美[ˈmʌŋkiz]
猴子;顽皮的孩子;调皮鬼;捣蛋鬼;500英镑;monkey的第三人称单数和复数"
affair	98	"英[əˈfeə(r)]
美[əˈfer]
公共事务;政治事务;事件;事情;私通，风流韵事"
song	98	"英[sɒŋ]
美[sɔːŋ]
歌;歌曲;歌唱;声乐;鸣啭，啼啭"
uniform	98	"英[ˈjuːnɪfɔːm]
美[ˈjuːnɪfɔːrm]
制服;校服;一致的;统一的;一律的"
breakthrough	98	"英[ˈbreɪkθruː]
美[ˈbreɪkθruː]
重大进展;突破"
campus	98	"英[ˈkæmpəs]
美[ˈkæmpəs]
校园，校区"
accounted	98	"英[əˈkaʊntɪd]
美[əˈkaʊntɪd]
认为是;视为;account的过去分词和过去式"
exceptions	98	"英[ɪkˈsɛpʃənz]
美[ɪkˈsɛpʃənz]
一般情况以外的人;例外;规则的例外;例外的事物;exception的复数"
strengths	98	"英[strɛŋθs]
美[strɛŋkθs]
体力;力气;力量;强度;毅力;坚强决心;意志力量;strength的复数"
attack	98	"英[əˈtæk]
美[əˈtæk]
袭击;攻击;进攻;抨击，非难;抨击;非难"
persuasion	98	"英[pəˈsweɪʒn]
美[pərˈsweɪʒn]
说服;劝说;信仰"
spiritual	98	"英[ˈspɪrɪtʃuəl]
美[ˈspɪrɪtʃuəl]
精神的;心灵的;宗教的;灵歌"
glory	98	"英[ˈɡlɔːri]
美[ˈɡlɔːri]
荣誉;光荣;桂冠;赞颂，赞美，崇拜;壮丽;辉煌;灿烂;夸耀;得意"
giant	98	"英[ˈdʒaɪənt]
美[ˈdʒaɪənt]
巨人;巨兽;巨型植物;大公司;强大的组织;巨大的;特大的;伟大的"
photographs	98	"英[ˈfəʊtəɡrɑːfs]
美[ˈfoʊtəɡræfs]
照片;相片;拍照;照相;上相，上镜;photograph的第三人称单数和复数"
distributed	98	"英[dɪˈstrɪbjuːtɪd]
美[dɪˈstrɪbjuːtɪd]
分布的;分散的;分发;分配;分销;使散开;使分布;分散;distribute的过去分词和过去式"
procedure	98	"英[prəˈsiːdʒə(r)]
美[prəˈsiːdʒər]
程序，手续，步骤;程序;手术"
meaningful	98	"英[ˈmiːnɪŋfl]
美[ˈmiːnɪŋfl]
严肃的;重要的;重大的;意味深长的;意在言外的;意义明显的;易于理解的"
agenda	98	"英[əˈdʒendə]
美[əˈdʒendə]
议程表，议事日程;agendum的复数"
trends	98	"英[trendz]
美[trendz]
趋势;趋向;倾向;动态;动向;trend的第三人称单数和复数"
doctrine	98	"英[ˈdɒktrɪn]
美[ˈdɑːktrɪn]
教义;主义;学说;信条;正式声明"
ceremony	98	"英[ˈserəməni]
美[ˈserəmoʊni]
典礼;仪式;礼节;礼仪;客套"
phrases	98	"英[ˈfreɪzɪz]
美[ˈfreɪzɪz]
短语;词组;成语;习语;惯用法;警句;乐句;乐节;表达，措辞，推敲;划分乐句，分乐节;phrase的第三人称单数和复数"
traits	98	"英[treɪts]
美[treɪts]
特征，特性，特点;trait的复数"
managing	98	"英[ˈmænɪdʒɪŋ]
美[ˈmænɪdʒɪŋ]
完成;勉力完成;能解决;应付;凑合着活下去;支撑;manage的现在分词"
capitalism	98	"英[ˈkæpɪtəlɪzəm]
美[ˈkæpɪtəlɪzəm]
资本主义"
settlements	98	"英[ˈsɛtlmənts]
美[ˈsɛtəlmənts]
协议;解决;处理;settlement的复数"
stepping	98	"英[ˈstepɪŋ]
美[ˈstepɪŋ]
迈步;踩;踏;行走;step的现在分词"
constitutional	98	"英[ˌkɒnstɪˈtjuːʃənl]
美[ˌkɑːnstɪˈtuːʃənl]
宪法的;章程的;宪法准许的;受宪法限制的;受章程限制的;身体素质的;体质的;体格的;保健散步"
documents	98	"英[ˈdɒkjuments]
美[ˈdɑːkjuments]
文件;公文;文献;证件;文档;记录，记载;用文件证明;document的第三人称单数和复数"
disgrace	98	"英[dɪsˈɡreɪs]
美[dɪsˈɡreɪs]
丢脸;耻辱;不光彩;令人感到羞耻的人;使丢脸;使蒙受耻辱;使名誉扫地;使失势;使失去地位"
surrounding	98	"英[səˈraʊndɪŋ]
美[səˈraʊndɪŋ]
周围的;附近的;围绕;环绕;包围，围住;与…紧密相关;surround的现在分词;环境;周围的事物"
upsets	98	"英[ʌpˈsets]
美[ʌpˈsets]
使烦恼;使心烦意乱;使生气;打乱;搅乱;使不适;upset的第三人称单数"
separated	98	"英[ˈsepəreɪtɪd]
美[ˈsepəreɪtɪd]
分居的;分开，分离;分割;划分;分离，分散;隔开;阻隔;separate的过去分词和过去式"
venus	98	"英[ˈviːnəs]
美[ˈviːnəs]
金星;太白星"
genetics	98	"英[dʒəˈnetɪks]
美[dʒəˈnetɪks]
遗传学"
engaging	98	"英[ɪnˈɡeɪdʒɪŋ]
美[ɪnˈɡeɪdʒɪŋ]
有趣的;令人愉快的;迷人的;吸引住;雇用;聘用;与…建立密切关系;尽力理解;engage的现在分词"
tide	98	"英[taɪd]
美[taɪd]
潮;潮汐;潮水;潮流;趋势;动向;恶潮，怒潮;随潮漂流"
cline	98	"英[klaɪn]
美[klaɪn]
渐变群"
strangers	98	"英[ˈstreɪndʒəz]
美[ˈstreɪndʒərz]
陌生人;外地人;新来者;stranger的复数"
nearby	98	"英[ˌnɪəˈbaɪ]
美[ˌnɪrˈbaɪ]
附近的;邻近的;在附近;不远"
trivial	98	"英[ˈtrɪviəl]
美[ˈtrɪviəl]
不重要的;琐碎的;微不足道的"
magnificent	98	"英[mæɡˈnɪfɪsnt]
美[mæɡˈnɪfɪsnt]
壮丽的;宏伟的;值得赞扬的"
energies	98	"英[ˈɛnədʒiz]
美[ˈɛnərdʒiz]
精力;活力;干劲;力量;能源;energy的复数"
resistant	98	"英[rɪˈzɪstənt]
美[rɪˈzɪstənt]
抵抗的;有抵抗力的;抵制的;阻止的;抗…的;耐…的"
inner	98	"英[ˈɪnə(r)]
美[ˈɪnər]
里面的;向内的;内部的;接近中心的;内心的;未表达出来的;隐藏的;内部;里面;射中接近靶心部分的一发"
reminder	98	"英[rɪˈmaɪndə(r)]
美[rɪˈmaɪndər]
引起回忆的事物;提醒人的事物;通知单，提示信"
labels	98	"英[ˈleɪblz]
美[ˈleɪblz]
标签;签条;标记;称谓，绰号，叫法;唱片公司;贴标签于;用标签标明;把…称为;label的第三人称单数和复数"
defendants	98	"英[dɪˈfɛndənts]
美[dɪˈfɛndənts]
被告人;被告;defendant的复数"
infants	98	"英[ˈɪnfənts]
美[ˈɪnfənts]
婴儿;幼儿;四岁到七岁之间的学童;infant的复数"
integrity	98	"英[ɪnˈteɡrəti]
美[ɪnˈteɡrəti]
诚实正直;完整;完好"
exercises	98	"英[ˈeksəsaɪzɪz]
美[ˈeksərsaɪzɪz]
活动，锻炼，运动;一套动作，训练活动;习题;练习;行使;使用;运用;锻炼;训练;操练;exercise的第三人称单数和复数"
advisory	98	"英[ədˈvaɪzəri]
美[ədˈvaɪzəri]
顾问的;咨询的;警报"
reporting	98	"英[rɪˈpɔːtɪŋ]
美[rɪˈpɔːrtɪŋ]
新闻报道;汇报;报告;通报;报道;公布;发表;宣布;据说，传闻;report的现在分词"
sweeping	98	"英[ˈswiːpɪŋ]
美[ˈswiːpɪŋ]
影响广泛的;大范围的;根本性的;笼统的;一概而论的;大胜，全胜;扫;打扫;清扫;扫去;清除;推送，吹走，冲走，带走;sweep的现在分词;扫除;(pl.)垃圾"
warner	98	"英[ˈwɔːnə]
美[ˈwɔrnər]
报警器;警告者，告诫者，预告者"
silent	98	"英[ˈsaɪlənt]
美[ˈsaɪlənt]
不说话的;沉默的;很少说话的;不爱说话的;少言寡语的;无声的;安静的;不喧闹的;无声电影"
exploring	98	"英[ɪkˈsplɔːrɪŋ]
美[ɪkˈsplɔːrɪŋ]
勘探;勘查;探索;考察;探究;调查研究;探讨;探察，探查;explore的现在分词"
specifically	98	"英[spəˈsɪfɪkli]
美[spəˈsɪfɪkli]
明确地;具体地;特意;专门地;具体来说;确切地说"
scope	98	"英[skəʊp]
美[skoʊp]
机会，能力;范围;…镜;仔细看;彻底检查"
fisheries	98	"英[ˈfɪʃəriz]
美[ˈfɪʃəriz]
渔场;fishery的复数"
coal	98	"英[kəʊl]
美[koʊl]
煤;煤块;上煤;加煤给…加煤;把…烧成炭"
futurist	98	"英[ˈfjuːtʃərɪst]
美[ˈfjuːtʃərɪst]
未来主义者;未来派艺术家;未来派作家;预测未来者;未来学家"
airplanes	98	"英[ˈeəpleɪnz]
美[ˈɛrpleɪnz]
飞机;airplane的复数"
heavens	98	"英[ˈhɛvnz]
美[ˈhɛvənz]
天堂;天国;极乐之地;极乐;天空;heaven的复数"
extensive	98	"英[ɪkˈstensɪv]
美[ɪkˈstensɪv]
广阔的;广大的;大量的;广泛的;广博的"
ensures	98	"英[ɪnˈʃʊəz]
美[ɪnˈʃʊrz]
保证;担保;确保;ensure的第三人称单数"
excitement	98	"英[ɪkˈsaɪtmənt]
美[ɪkˈsaɪtmənt]
激动;兴奋;刺激;令人激动的事"
landing	98	"英[ˈlændɪŋ]
美[ˈlændɪŋ]
楼梯平台;过渡平台;降落;着陆;登陆;落;使平稳着陆;着陆，登陆;land的现在分词"
coincidence	98	"英[kəʊˈɪnsɪdəns]
美[koʊˈɪnsɪdəns]
巧合，巧事;同时存在;并存;相同，相符，一致"
assembled	98	"英[əˈsembld]
美[əˈsembld]
聚集;集合;收集;装配;组装;assemble的过去分词和过去式"
composed	98	"英[kəmˈpəʊzd]
美[kəmˈpoʊzd]
由…组成的;镇静;镇定;平静;组成，构成;作曲;创作;撰写;compose的过去分词和过去式"
visual	98	"英[ˈvɪʒuəl]
美[ˈvɪʒuəl]
视力的;视觉的;视觉资料"
assumptions	98	"英[əˈsʌmpʃ(ə)nz]
美[əˈsʌmpʃənz]
假定;假设;承担;担任;获得;assumption的复数"
column	98	"英[ˈkɒləm]
美[ˈkɑːləm]
柱;圆形石柱;纪念柱;圆柱状物;柱形物;栏"
disclosed	98	"英[dɪsˈkləʊzd]
美[dɪsˈkloʊzd]
揭露;透露;泄露;使显露;使暴露;disclose的过去分词和过去式"
dividing	98	"英[dɪˈvaɪdɪŋ]
美[dɪˈvaɪdɪŋ]
分开，分散，分割，分成…;分配;分享;分担;把分别用于;divide的现在分词"
struggling	98	"英[ˈstrʌɡlɪŋ]
美[ˈstrʌɡlɪŋ]
奋斗;努力;争取;艰难地行进;吃力地进行;斗争;抗争;struggle的现在分词"
insecurity	98	"英[ˌɪnsɪˈkjʊərɪti]
美[ˌɪnsɪˈkjʊrɪti]
不牢靠；不安全；无保障;不放心；心神不定；局促不安"
airline	98	"英[ˈeəlaɪn]
美[ˈerlaɪn]
航空公司"
understands	98	"英[ˌʌndəˈstændz]
美[ˌʌndərˈstændz]
懂;理解;领会;了解;认识到;明了;谅解;体谅;understand的第三人称单数"
teenager	98	"英[ˈtiːneɪdʒə(r)]
美[ˈtiːneɪdʒər]
(13至19岁之间的)青少年，青少年男女"
household	98	"英[ˈhaʊshəʊld]
美[ˈhaʊshoʊld]
一家人;家庭;同住一所房子的人;家喻户晓的;家庭的，家内的，一家的;日常的，家常的，普通的;王室的"
succession	98	"英[səkˈseʃn]
美[səkˈseʃn]
一连串;一系列;连续的人;交替;更迭;继承;继任;继承权"
packed	98	"英[pækt]
美[pækt]
异常拥挤的;挤满人的;有大量…的;…极多的;紧密地压在一起;收拾;装;包装;包裹;pack的过去分词和过去式"
dose	98	"英[dəʊs]
美[doʊs]
一剂，一服;一份;一次;一点;给服药"
sing	98	"英[sɪŋ]
美[sɪŋ]
唱;演唱;鸣;啼;啼啭;呜呜作响;发嗖嗖声;呜呜声，嗖嗖声;〈美口〉歌唱会"
excellence	98	"英[ˈeksələns]
美[ˈeksələns]
优秀;杰出;卓越"
basically	98	"英[ˈbeɪsɪkli]
美[ˈbeɪsɪkli]
大体上;基本上;总的说来;从根本上说"
pulled	98	"英[pʊld]
美[pʊld]
拉;拽;扯;拖;拔出;抽出;拖，拉动;pull的过去分词和过去式"
empty	98	"英[ˈempti]
美[ˈempti]
空的;空洞的;说话不算数的;无诚意的;空虚的;无意义的;无目的的;倒空;腾空;掏空;变空;把…移出，把…腾出;空车;空的东西"
introduces	98	"英[ˌɪntrəˈdjuːsɪz]
美[ˌɪntrəˈduːsɪz]
把…介绍;引见;介绍;主持;使初次了解;使尝试;introduce的第三人称单数"
alan	98	"英[]
美[]
沙拉瓦柳安；白柳安"
wondered	98	"英[ˈwʌndəd]
美[ˈwʌndərd]
想知道;想弄明白;琢磨;礼貌地提问或请人做事时说;感到诧异;非常惊讶;wonder的过去分词和过去式"
unavoidable	98	"英[ˌʌnəˈvɔɪdəbl]
美[ˌʌnəˈvɔɪdəbl]
无法避免的;难以预防的"
connect	98	"英[kəˈnekt]
美[kəˈnekt]
连接;联结;使…连接;接通"
airplane	98	"英[ˈeəpleɪn]
美[ˈerpleɪn]
飞机"
awkward	98	"英[ˈɔːkwəd]
美[ˈɔːkwərd]
令人尴尬的;使人难堪的;难对付的;难处理的;不方便的"
positively	98	"英[ˈpɒzətɪvli]
美[ˈpɑːzətɪvli]
绝对地;肯定地;乐观地;积极地;赞成地"
revenues	98	"英[ˈrɛvɪnjuːz]
美[ˈrɛvəˌnuz]
财政收入;税收收入;收益;revenue的复数"
passes	98	"英[ˈpɑːsɪz]
美[ˈpæsɪz]
通过;走过;沿某方向前进;向某方向移动;使沿移动;使达到;pass的第三人称单数"
uncontrollable	98	"英[ˌʌnkənˈtrəʊləbl]
美[ˌʌnkənˈtroʊləbl]
无法控制的;难以防止的;禁不住的"
division	98	"英[dɪˈvɪʒn]
美[dɪˈvɪʒn]
分开;分隔;分配;部分;除;分歧;不和;差异"
poet	98	"英[ˈpəʊɪt]
美[ˈpoʊət]
诗人"
distinct	98	"英[dɪˈstɪŋkt]
美[dɪˈstɪŋkt]
清晰的;清楚的;明白的;明显的;截然不同的;有区别的;不同种类的;确定无疑的;确实的;确切的"
stimulate	98	"英[ˈstɪmjuleɪt]
美[ˈstɪmjuleɪt]
促进;激发;激励;刺激;使兴奋;促进的功能"
export	98	"英[ɪkˈspɔːt , ˈekspɔːt]
美[ɪkˈspɔːrt , ˈekspɔːrt]
出口;输出;传播，输出;移出;调出;出口产品;输出品"
thick	98	"英[θɪk]
美[θɪk]
厚的;粗的;有…厚;浓密的;稠密的;茂密的;最拥挤部分;活动最多部分;事物的粗大浓密部分;厚厚地"
hardship	98	"英[ˈhɑːdʃɪp]
美[ˈhɑːrdʃɪp]
艰难;困苦;拮据"
dollar	98	"英[ˈdɒlə(r)]
美[ˈdɑːlər]
元;一元;美元"
edison	98	"英[ˈedisn]
美[ˈɛdɪsən]
爱迪生"
awkwardly	98	"英[]
美[]
难看地；不雅观地；笨拙地；无技巧地"
uncontrolled	98	"英[ˌʌnkənˈtrəʊld]
美[ˌʌnkənˈtroʊld]
抑制不住的;无法制止的;不受法律制约的;无序的"
portion	98	"英[ˈpɔːʃn]
美[ˈpɔːrʃn]
部分;一份，一客;分享的部分;分担的责任;把…分成若干份"
careless	98	"英[ˈkeələs]
美[ˈkerləs]
不小心的;不仔细的;粗心的;粗心造成的;疏忽引起的;不担忧的;无忧无虑的"
regulate	98	"英[ˈreɡjuleɪt]
美[ˈreɡjuleɪt]
约束，控制，管理;调节，控制"
inaccurate	98	"英[ɪnˈækjərət]
美[ɪnˈækjərət]
不精确的;不准确的;有错误的"
venture	98	"英[ˈventʃə(r)]
美[ˈventʃər]
企业，商业，投机活动，经营项目;敢于去;小心地说，谨慎地做;冒着的危险"
civilized	98	"英[ˈsɪvəlaɪzd]
美[ˈsɪvəlaɪzd]
文明的;开化的;有法制伦理的;有道德的;有礼貌的;有教养的;举止得体的;教化;开化;使文明;使有教养;civilize的过去分词和过去式"
returning	98	"英[rɪˈtɜːnɪŋ]
美[rɪˈtɜːrnɪŋ]
回来;回去;返回;带回;送回;放回;退还;恢复;重现;return的现在分词"
happier	98	"英[ˈhæpɪə]
美[ˈhæpiər]
感到快乐的;高兴的;给予快乐的;使人高兴的;幸福的;表示祝愿，如Happy Birthday生日快乐、Happy New Year新年好等;happy的比较级"
instructor	98	"英[ɪnˈstrʌktə(r)]
美[ɪnˈstrʌktər]
教练;导师;讲师"
perceiving	98	"英[pəˈsiːvɪŋ]
美[pərˈsiːvɪŋ]
注意到;意识到;察觉到;将…理解为;将…视为;认为;perceive的现在分词"
phase	98	"英[feɪz]
美[feɪz]
阶段;时期;月相;盈亏;分阶段进行;逐步做"
dreaming	98	"英[ˈdriːmɪŋ]
美[ˈdriːmɪŋ]
做梦;梦见;想象;梦想;dream的现在分词"
suspended	98	"英[səˈspendɪd]
美[səˈspendɪd]
悬;挂;吊;暂停;中止;使暂停发挥作用;延缓;暂缓;推迟;suspend的过去分词和过去式"
timely	98	"英[ˈtaɪmli]
美[ˈtaɪmli]
及时的;适时的"
colleague	98	"英[ˈkɒliːɡ]
美[ˈkɑːliːɡ]
同事;同僚;同人"
qualifications	98	"英[ˌkwɒlɪfɪˈkeɪʃənz]
美[ˌkwɑləfəˈkeɪʃənz]
资格;学历;资历;限定条件;qualification的复数"
bid	98	"英[bɪd]
美[bɪd]
出;喊价;投标;努力争取;企图获得;买方的出价;向问候、道别等;告诉;吩咐"
replied	98	"英[rɪˈplaɪd]
美[rɪˈplaɪd]
回答;答复;回应;作出反应;reply的过去分词和过去式"
weaken	98	"英[ˈwiːkən]
美[ˈwiːkən]
虚弱，衰弱;减弱;削弱;使减弱;动摇;犹豫"
construct	98	"英[kənˈstrʌkt , ˈkɒnstrʌkt]
美[kənˈstrʌkt , ˈkɑːnstrʌkt]
建筑;修建;建造;组成;创建;编制，绘制;构想，观念，概念;结构成分，结构体;建造物;构筑物;制成物"
futurologist	98	"英[ˌfjuːtʃəˈrɒlədʒɪst]
美[ˌfjuːtʃəˈrɑːlədʒɪst]
未来学家"
hero	98	"英[ˈhɪərəʊ]
美[ˈhɪroʊ]
英雄，豪杰;男主人公，男主角;崇拜的对象，偶像"
mood	98	"英[muːd]
美[muːd]
情绪;心情;坏心境;坏脾气;气氛;氛围"
smooth	98	"英[smuːð]
美[smuːð]
平整的;平坦的;平滑的;光滑的;无结块的;混合均匀的;顺利的;平稳的;使平整;使平坦;使平滑;使光滑;均匀涂抹于"
excluded	98	"英[ɪkˈskluːdɪd]
美[ɪkˈskluːdɪd]
不包括;不放在考虑之列;防止…进入;阻止…参加;把…排斥在外;排除;认为…不可能;exclude的过去分词和过去式"
grain	98	"英[ɡreɪn]
美[ɡreɪn]
谷物;谷粒;颗粒;细粒;少量;微量;一点儿"
retain	98	"英[rɪˈteɪn]
美[rɪˈteɪn]
保持;持有;保留;继续拥有;继续容纳;聘请"
cross	98	"英[krɒs]
美[krɔːs]
叉字形记号;十字形记号;十字架;穿越;越过;横过;渡过;交叉;相交;使交叉;使交叠;恼怒的;十分愤怒的;生气的"
vanish	98	"英[ˈvænɪʃ]
美[ˈvænɪʃ]
突然消失;不复存在;消亡;绝迹"
hitherto	98	"英[ˌhɪðəˈtuː]
美[ˌhɪðərˈtuː]
迄今;直到某时"
bargaining	98	"英[ˈbɑːɡənɪŋ]
美[ˈbɑːrɡənɪŋ]
讨价还价;商谈;商讨;讨价还价，商讨条件;bargain的现在分词"
impulse	98	"英[ˈɪmpʌls]
美[ˈɪmpʌls]
冲动;心血来潮;一时的念头;脉冲;冲击;冲量;推动力;刺激"
cartoon	98	"英[kɑːˈtuːn]
美[kɑːrˈtuːn]
漫画，讽刺画;动画片;卡通片;草图;底图"
inventor	98	"英[ɪnˈventə(r)]
美[ɪnˈventər]
发明者;发明家;创造者"
destruction	98	"英[dɪˈstrʌkʃn]
美[dɪˈstrʌkʃn]
摧毁;毁灭;破坏"
winning	98	"英[ˈwɪnɪŋ]
美[ˈwɪnɪŋ]
获胜的;赢的;吸引人的;动人的;迷人的;可爱的;获胜，赢;赢得，夺取，获得，挣得;取得;win的现在分词;获胜;赢得物;备采煤区"
memories	98	"英[ˈmɛməriz]
美[ˈmɛməriz]
记忆力;记性;记忆所及的时期;回忆所及的范围;回忆;记忆;memory的复数"
odds	98	"英[ɒdz]
美[ɑːdz]
可能性，概率，几率，机会;不利条件;掣肘的事情;逆境;投注赔率"
color	98	"英[ˈkʌlə(r)]
美[ˈkʌlər]
彩色，颜色;脸色，气色，肤色;特色，个性；情调;变红；脸红;着色；渲染"
intervention	98	"英[ˌɪntəˈvenʃn]
美[ˌɪntərˈvenʃn]
干涉;干预"
cited	98	"英[ˈsaɪtɪd]
美[ˈsaɪtɪd]
提及;举出;列举;引用;引述;援引;传唤;传讯;cite的过去分词和过去式"
currently	98	"英[ˈkʌrəntli]
美[ˈkɜːrəntli]
现时;目前;当前;时下"
decoration	98	"英[ˌdekəˈreɪʃn]
美[ˌdekəˈreɪʃn]
装饰品;装饰图案;装饰风格"
evaluate	98	"英[ɪˈvæljueɪt]
美[ɪˈvæljueɪt]
估计;评价;评估"
st	98	"英[]
美[strit]
英石"
scholarly	98	"英[ˈskɒləli]
美[ˈskɑːlərli]
勤奋好学的;有学问的;学术的;学术性的"
logic	98	"英[ˈlɒdʒɪk]
美[ˈlɑːdʒɪk]
思维方式;解释方法;逻辑;道理，合乎情理的原因;逻辑学"
prompt	98	"英[prɒmpt]
美[prɑːmpt]
立即;迅速的;及时的;敏捷的;准时的;促使;导致;激起;鼓励，提示，提醒;给提词;提词，提示;提示符;准时地"
affecting	98	"英[əˈfektɪŋ]
美[əˈfektɪŋ]
深深打动人的;感动人的;激起怜悯的;影响;侵袭;使感染;深深打动;使悲伤;affect的现在分词"
academics	98	"英[ˌækəˈdɛmɪks]
美[ˌækəˈdɛmɪks]
高等院校教师;高校科研人员;academic的复数"
awarded	98	"英[əˈwɔːdɪd]
美[əˈwɔːrdɪd]
授予;奖励;判给;award的过去分词和过去式"
adopt	98	"英[əˈdɒpt]
美[əˈdɑːpt]
收养;领养;采用;采取;正式通过，表决采纳"
unnecessary	98	"英[ʌnˈnesəsəri]
美[ʌnˈnesəseri]
不需要的;不必要的;多余的"
households	98	"英[ˈhaʊshəʊldz]
美[ˈhaʊsˌhoʊldz]
一家人;家庭;同住一所房子的人;household的复数"
synthetic	98	"英[sɪnˈθetɪk]
美[sɪnˈθetɪk]
人造的;合成的;综合的;合成物;合成纤维;合成剂"
applicants	98	"英[ˈæplɪkənts]
美[ˈæplɪkənts]
申请人;applicant的复数"
continents	98	"英[ˈkɒntɪnənts]
美[ˈkɑntənənts]
大陆;陆地;洲;欧洲大陆;continent的复数"
shocking	98	"英[ˈʃɒkɪŋ]
美[ˈʃɑːkɪŋ]
令人气愤的;惹人憎恶的;不道德的;非常糟糕的;使震惊;使惊愕;使气愤;使厌恶;shock的现在分词"
admit	98	"英[ədˈmɪt]
美[ədˈmɪt]
承认;招认;招供;准许…进入"
significantly	98	"英[sɪɡˈnɪfɪkəntli]
美[sɪɡˈnɪfɪkəntli]
有重大意义地;显著地;明显地;有某种意义;别有含义地;意味深长地"
ceremonies	92	"英[ˈserəməniz]
美[ˈserəmoʊniz]
典礼;仪式;礼节;礼仪;客套;ceremony的复数"
comfort	92	"英[ˈkʌmfət]
美[ˈkʌmfərt]
舒服;安逸;舒适;安慰;慰藉;宽慰;令人感到安慰的人;抚慰"
proud	92	"英[praʊd]
美[praʊd]
骄傲的;自豪的;得意的;满足的;引以为荣的;令人自豪的;傲慢的;骄傲自大的;细看;钻研;凝视"
entrepreneurs	92	"英[ˌɒntrəprəˈnɜːz]
美[ˌɑntrəprəˈnɜrz]
创业者，企业家;entrepreneur的复数"
proof	92	"英[pruːf]
美[pruːf]
证据;证明;检验;证实;求证;验算;能抵御;能防范;可防护;防…的;抗…的;给做防护处理;使防水;印…的校样"
hemisphere	92	"英[ˈhemɪsfɪə(r)]
美[ˈhemɪsfɪr]
半球;北半球，南半球"
wholly	92	"英[ˈhəʊlli]
美[ˈhoʊlli]
完全地;全面地;整体地"
shares	92	"英[ʃeəz]
美[ʃerz]
共有;合用;分配;分摊;分享;共享;一份;正常的一份;可接受的一份;share的第三人称单数和复数"
greece	92	"英[griːs]
美[gris]
希腊"
schooling	92	"英[ˈskuːlɪŋ]
美[ˈskuːlɪŋ]
学校教育;训练;使学会;教育;培养;school的现在分词"
generous	92	"英[ˈdʒenərəs]
美[ˈdʒenərəs]
慷慨的;大方的;慷慨给予的;丰富的;充足的;大的;宽厚的;宽宏大量的;仁慈的"
entire	92	"英[ɪnˈtaɪə(r)]
美[ɪnˈtaɪər]
全部的;整个的;完全的"
chancellor	92	"英[ˈtʃɑːnsələ(r)]
美[ˈtʃænsələr]
总理;名誉校长;校长"
rush	92	"英[rʌʃ]
美[rʌʃ]
迅速移动;急促;快速运输;速送;仓促行事，匆忙行事，做事草率;猛烈移动;冲;匆忙;仓促;忙碌;繁忙"
yes	92	"英[jes]
美[jes]
答话时表示正确或真实;表示同意所说的话;反驳否定的话;表示同意的答复;表示同意的人"
silver	92	"英[ˈsɪlvə(r)]
美[ˈsɪlvər]
银;银币;银器;银色的;银白色的;银灰色的;给…镀银;给…镀似银的物质;使具有银色光泽;使变成银色"
microsoft	92	"英['maikrəusɔft]
美[]
微软公司"
baseline	92	"英[ˈbeɪslaɪn]
美[ˈbeɪslaɪn]
底线;垒线;基础;起点"
helped	92	"英[helpt]
美[helpt]
帮助;协助;援助;改善状况;促进;促使;搀扶;带领;help的过去分词和过去式"
convey	92	"英[kənˈveɪ]
美[kənˈveɪ]
表达，传递;传送;运送;输送"
persistent	92	"英[pəˈsɪstənt]
美[pərˈsɪstənt]
执著的;不屈不挠的;坚持不懈的;连绵的;持续的;反复出现的"
broadcasting	92	"英[ˈbrɔːdkɑːstɪŋ]
美[ˈbrɔːdkæstɪŋ]
节目制作和播放;广播;播送;散布，传播;broadcast的现在分词"
edward	92	"英[ˈedwəd]
美[ˈedwərd]
爱德华（英语男子教名，源于古英语，昵称Ned、Ted、Eddie；⒗的拉丁语形式是Edwardus；法语形式是⒗douard；德语形式是Eduard；意大利语形式是Eduardo；葡萄牙语形式是Eduarte）"
fulfill	92	"英[fʊl'fɪl]
美[fʊl'fɪl]
履行，执行，贯彻：;完成，实现；兑现：;达到；起到；做到："
census	92	"英[ˈsensəs]
美[ˈsensəs]
统计;人口普查;人口调查"
creationism	92	"英[kriˈeɪʃnɪzəm]
美[kriˈeɪʃnɪzəm]
创造论"
presumably	92	"英[prɪˈzjuːməbli]
美[prɪˈzuːməbli]
很可能;大概;想必是"
shuttle	92	"英[ˈʃʌtl]
美[ˈʃʌtl]
来往于两地之间的航班;梭;梭子;穿梭火车;频繁往来;往返运送"
distinguish	92	"英[dɪˈstɪŋɡwɪʃ]
美[dɪˈstɪŋɡwɪʃ]
区分;辨别;分清;成为…的特征;使具有…的特色;使有别于;看清;认出;听出"
liability	92	"英[ˌlaɪəˈbɪləti]
美[ˌlaɪəˈbɪləti]
责任，义务;惹麻烦的人;欠债;负债;债务"
rational	92	"英[ˈræʃnəl]
美[ˈræʃnəl]
合理的;理性的;明智的;理智的;清醒的;合理的事物;有理数;懂道理的人;人类;〈英〉合理的服装"
skeptical	92	"英[ˈskeptɪkl]
美[ˈskeptɪkl]
怀疑的;心存疑惑的;将信将疑的"
winner	92	"英[ˈwɪnə(r)]
美[ˈwɪnər]
获胜的人;优胜者;成功者;可能成功的人;制胜的一记入球;赢得比赛的一分"
engineering	92	"英[ˌendʒɪˈnɪərɪŋ]
美[ˌendʒɪˈnɪrɪŋ]
工程;工程学;密谋策划;设计制造;改变…的基因结构;engineer的现在分词"
marry	92	"英[ˈmæri]
美[ˈmæri]
结婚;嫁;娶;为…主持婚礼;操办婚礼;把…嫁给;为…娶亲"
peretti	92	"英[]
美[]
佩雷蒂"
asset	92	"英[ˈæset]
美[ˈæset]
有价值的人;有用的人;资产;财产"
tunnel	92	"英[ˈtʌnl]
美[ˈtʌnl]
地下通道;地道;隧道;洞穴通道;开凿隧道;挖地道"
wildlife	92	"英[ˈwaɪldlaɪf]
美[ˈwaɪldlaɪf]
野生动物;野生生物"
limitations	92	"英[lɪmɪˈteɪʃnz]
美[lɪmɪˈteɪʃnz]
限制;控制;起限制作用的规则;局限;限度;limitation的复数"
pleased	92	"英[pliːzd]
美[pliːzd]
高兴;满意;愉快;乐于;使满意;使愉快;(常用在as或what、 where等词后)想，选择，喜欢;please的过去分词和过去式"
unparalleled	92	"英[ʌnˈpærəleld]
美[ʌnˈpærəleld]
无比的;无双的;空前的;绝无仅有的"
migration	92	"英[maɪˈɡreɪʃn]
美[maɪˈɡreɪʃn]
迁移;移居;迁徙;改变;迁移，转移"
recordings	92	"英[rɪˈkɔːdɪŋz]
美[rɪˈkɔrdɪŋz]
录制的音像;录音;录像;录制;记录，记载;recording的复数"
sizes	92	"英[ˈsaɪzɪz]
美[ˈsaɪzɪz]
大小;大量;大规模;尺码;号;标定…的大小;确定…的尺寸;改变…的大小;上胶料;上浆;上涂料;size的第三人称单数和复数"
ads	92	"英[ædz]
美[ædz]
广告;ad的复数"
climbing	92	"英[ˈklaɪmɪŋ]
美[ˈklaɪmɪŋ]
登山运动;攀岩活动;攀登;爬;登山，攀岩;climb的现在分词"
opened	92	"英[ˈəʊpənd]
美[ˈoʊpənd]
开;打开;开启;open的过去分词和过去式"
shelter	92	"英[ˈʃeltə(r)]
美[ˈʃeltər]
居所;住处;遮蔽，庇护，避难;遮蔽物，庇护处，避难处;保护;掩蔽;躲避"
coordination	92	"英[kəʊˌɔːdɪˈneɪʃn]
美[koʊˌɔːrdɪˈneɪʃn]
协作;协调;配合;协调动作的能力"
blind	92	"英[blaɪnd]
美[blaɪnd]
瞎的;失明的;盲人;视而不见的，未察觉的;使变瞎;使失明;使眼花;使目眩;使思维混沌;使失去判断力;窗帘;卷帘;用以蒙蔽人的言行;借口;托词;幌子;视线受阻地;仅靠仪表操纵地;盲目地"
upside	92	"英[ˈʌpsaɪd]
美[ˈʌpsaɪd]
好的一面，光明的一面，正面"
false	92	"英[fɔːls]
美[fɔːls]
错误的;不正确的;不真实的;非天生的;人造的;假的;伪造的"
illusion	92	"英[ɪˈluːʒn]
美[ɪˈluːʒn]
错误的观念;幻想;幻想的事物;错觉"
rude	92	"英[ruːd]
美[ruːd]
粗鲁的;无礼的;粗野的;猥亵的;下流的;突然的;突如其来的;猛烈的"
skin	92	"英[skɪn]
美[skɪn]
皮;皮肤;…皮肤的;毛皮;皮张;剥皮;扒皮;削皮;擦破皮肤"
interior	92	"英[ɪnˈtɪəriə(r)]
美[ɪnˈtɪriər]
内部;里面;内陆;内地;腹地;内政，内务;内部的;里面的"
bear	92	"英[beə(r)]
美[ber]
承受;忍受;不适于某事;承担责任;熊;卖空的人"
lasted	92	"英[ˈlɑːstɪd]
美[ˈlæstɪd]
持续;继续;延续;继续存在;持续起作用;持久;坚持下去;超越;last的过去分词和过去式"
lobby	92	"英[ˈlɒbi]
美[ˈlɑːbi]
门厅，前厅，大厅;民众接待厅;游说团体;游说"
structures	92	"英[ˈstrʌktʃəz]
美[ˈstrʌktʃərz]
结构;构造;结构体;建筑物;精心组织;周密安排;体系;使形成体系;系统安排;structure的第三人称单数和复数"
hopefully	92	"英[ˈhəʊpfəli]
美[ˈhoʊpfəli]
有希望地;可以指望;抱有希望地"
kingdom	92	"英[ˈkɪŋdəm]
美[ˈkɪŋdəm]
王国;管辖范围;领域;自然三界之一"
rescue	92	"英[ˈreskjuː]
美[ˈreskjuː]
营救;援救;抢救;救援;获救;营救行动"
accountability	92	"英[əˌkaʊntəˈbɪləti]
美[əˌkaʊntəˈbɪləti]
责任；有义务，有责任;衡算计量;保管责任"
absence	92	"英[ˈæbsəns]
美[ˈæbsəns]
缺席;不在;不存在;缺乏"
collaborative	92	"英[kəˈlæbərətɪv]
美[kəˈlæbəreɪtɪv]
合作的;协作的;协力的"
bbc	92	"英[ˌbiː biː ˈsiː]
美[ˌbiː biː ˈsiː]
英国广播公司"
surnames	92	"英[ˈsɜːneɪmz]
美[ˈsɜrˌneɪmz]
姓;surname的第三人称单数和复数"
regulators	92	"英[ˈrɛgjʊleɪtəz]
美[ˈrɛgjəˌleɪtərz]
监管者，监管机构;自动调节器;regulator的复数"
checks	92	"英[tʃeks]
美[tʃeks]
检查，查看;调查;审查;阻碍进程的事物;阻止恶化的事物;检查;核查;检验;查明;查看;核实;弄确实;控制;抑制;阻止;check的第三人称单数和复数"
anthropologist	92	"英[ˌænθrəˈpɒlədʒɪst]
美[ˌænθrəˈpɑːlədʒɪst]
人类学家"
anthropology	92	"英[ˌænθrəˈpɒlədʒi]
美[ˌænθrəˈpɑːlədʒi]
人类学"
provinces	92	"英[ˈprɒvɪnsɪz]
美[ˈprɑvənsəz]
省份;一级行政区;首都以外的地区;知识范围;领域;province的复数"
dean	92	"英[diːn]
美[diːn]
座堂主任牧师;主任牧师;学院院长，系主任"
reliance	92	"英[rɪˈlaɪəns]
美[rɪˈlaɪəns]
依赖;依靠;信任"
intellectualism	92	"英[]
美[]
知性主义，对理智的偏重，理智主义"
undoubtedly	87	"英[]
美[]
无疑；必定"
explanatory	87	"英[ɪkˈsplænətri]
美[ɪkˈsplænətɔːri]
解释的;说明的;阐述的"
basketball	87	"英[ˈbɑːskɪtbɔːl]
美[ˈbæskɪtbɔːl]
篮球运动;篮球"
bush	87	"英[bʊʃ]
美[bʊʃ]
灌木;灌木状的东西;荒野;林区"
gathering	87	"英[ˈɡæðərɪŋ]
美[ˈɡæðərɪŋ]
聚集;聚会;集会;收集;采集;搜集;集合;召集;收拢，归拢;搜集，收集;gather的现在分词"
imagined	87	"英[ɪˈmædʒɪnd]
美[ɪˈmædʒɪnd]
想象;设想;误以为;胡乱猜想;猜测;料想;认为;imagine的过去分词和过去式"
encounter	87	"英[ɪnˈkaʊntə(r)]
美[ɪnˈkaʊntər]
遭遇，遇到;偶然碰到;意外地遇见;与…邂逅;相遇，邂逅，遭遇，冲突;比赛，交锋"
housing	87	"英[ˈhaʊzɪŋ]
美[ˈhaʊzɪŋ]
住房，住宅;住房供给;外壳，套;给提供住处;是的贮藏处;收藏;安置;house的现在分词"
residence	87	"英[ˈrezɪdəns]
美[ˈrezɪdəns]
住所;住房;宅第，豪宅;居住;定居;居住权，居留许可"
centered	87	"英[ˈsɛntəd]
美[ˈsɛntərd]
集中，把……聚集在;center的过去分词和过去式"
classroom	87	"英[ˈklɑːsruːm]
美[ˈklæsruːm]
教室;课堂"
irrelevant	87	"英[ɪˈreləvənt]
美[ɪˈreləvənt]
无关紧要的;不相关的"
temperature	87	"英[ˈtemprətʃə(r)]
美[ˈtemprətʃər]
温度;气温;体温"
canadian	87	"英[kəˈneɪdiən]
美[kəˈneɪdiən]
加拿大的;加拿大人"
alien	87	"英[ˈeɪliən]
美[ˈeɪliən]
陌生的;不熟悉;外国的;异域的;不相容;相抵触;格格不入;外国人;外侨;外星人;外星生物"
varying	87	"英[ˈveəriɪŋ]
美[ˈveriɪŋ]
相异，不同，有别;变化，改变;变更;改变;vary的现在分词"
massachusetts	87	"英[ˌmæsəˈtʃuːsɪts]
美[ˌmæsəˈtʃusəts]
马萨诸塞（美国东部一州；位于新英格兰地区；略作Mass．）"
decorated	87	"英[ˈdekəreɪtɪd]
美[ˈdekəreɪtɪd]
装饰;装潢;粉刷;油漆;糊墙纸;点缀;装点;decorate的过去分词和过去式"
wearing	87	"英[ˈweərɪŋ]
美[ˈwerɪŋ]
令人精疲力竭的;使人疲倦的;令人厌烦的;穿;戴;佩戴;蓄，留;流露，面带，呈现;wear的现在分词"
thank	87	"英[θæŋk]
美[θæŋk]
谢谢，感谢;道谢;感谢;谢谢;道谢的话"
satisfactory	87	"英[ˌsætɪsˈfæktəri]
美[ˌsætɪsˈfæktəri]
令人满意的;够好的;可以的"
terminally	87	"英['tɜːmɪnəli]
美[]
在末端;每期;在学期末尾"
inferences	87	"英[ˈɪnfərənsɪz]
美[ˈɪnfəˌrɛnsɪz]
推断的结果;结论;推断;推理;推论;inference的复数"
dam	87	"英[dæm]
美[dæm]
水坝;拦河坝;母兽;母马，骒马;筑坝"
movie	87	"英[ˈmuːvi]
美[ˈmuːvi]
电影"
celebrity	87	"英[səˈlebrəti]
美[səˈlebrəti]
名人;名流;名望;名誉;著名"
wider	87	"英[ˈwaɪdə]
美[ˈwaɪdər]
尽可能远地;充分地;宽的;宽阔的;…宽的;宽度为…的;大量的;广泛的;范围大的;wide的比较级"
master	87	"英[ˈmɑːstə(r)]
美[ˈmæstər]
主人，雇主;主宰;主人;有控制力的人;能手;擅长…者;精通;掌握;控制;熟练的，灵巧的，有技能的;最大的;最重要的"
positions	87	"英[pəˈzɪʃnz]
美[pəˈzɪʃnz]
位置;地方;恰当位置;正确位置;姿态，姿势;放置方式;安装;安置;使处于;position的第三人称单数和复数"
feels	87	"英[fiːlz]
美[fiːlz]
觉得;感到;体会到;注意到，意识到，感觉到;感觉到;feel的第三人称单数"
recommendation	87	"英[ˌrekəmenˈdeɪʃn]
美[ˌrekəmenˈdeɪʃn]
正式建议;提议;推荐;介绍;推荐信;求职介绍信"
refuse	87	"英[rɪˈfjuːz , ˈrefjuːs]
美[rɪˈfjuːz , ˈrefjuːs]
拒绝;回绝;推却;拒绝给;废弃物;垃圾"
ambiguous	87	"英[æmˈbɪɡjuəs]
美[æmˈbɪɡjuəs]
模棱两可的;含混不清的;不明确的"
tap	87	"英[tæp]
美[tæp]
轻敲;轻拍;轻叩;轻轻叩击;利用，开发，发掘;水龙头;旋塞;龙头;轻击;轻扣"
arts	87	"英[ˈɑːts]
美[ˈɑːrts]
艺术，美术;艺术作品;美术作品;艺术技巧;art的复数"
faculty	87	"英[ˈfæklti]
美[ˈfæklti]
官能;天赋;才能;能力;系，院"
native	87	"英[ˈneɪtɪv]
美[ˈneɪtɪv]
出生地的;儿时居住地的;本地的;当地的;土著的;土著人的;出生于某国的人;本地人;当地人;土著"
deemed	87	"英[diːmd]
美[diːmd]
认为;视为;相信;deem的过去分词和过去式"
similarly	87	"英[ˈsɪmələli]
美[ˈsɪmələrli]
相似地;类似地;差不多地;同样;也"
spanish	87	"英[ˈspænɪʃ]
美[ˈspænɪʃ]
西班牙的;西班牙语"
partner	87	"英[ˈpɑːtnə(r)]
美[ˈpɑːrtnər]
配偶;性伴侣;合伙人;搭档;同伴;舞伴;结成伙伴，做搭档，配对"
influences	87	"英[ˈɪnfluənsɪz]
美[ˈɪnfluənsɪz]
影响;作用;支配力;控制力;影响力;有影响的人;对…起作用;支配;左右;influence的第三人称单数和复数"
forcing	87	"英[ˈfɔːsɪŋ]
美[ˈfɔːrsɪŋ]
强迫，迫使;用力，强行;使发生;force的现在分词"
adolescence	87	"英[ˌædəˈlesns]
美[ˌædəˈlesns]
青春期;青春"
seller	87	"英[ˈselə(r)]
美[ˈselər]
卖者;销售者;卖方;商品"
sketch	87	"英[sketʃ]
美[sketʃ]
素描;速写;草图;幽默短剧;小品;简报;概述;画素描;画速写;简述"
authors	87	"英[ˈɔːθəz]
美[ˈɔːθərz]
著者;作者;作家;创造者，发起人;著作;写作;编写;author的第三人称单数和复数"
advisable	87	"英[ədˈvaɪzəbl]
美[ədˈvaɪzəbl]
明智;可取"
flowers	87	"英[ˈflaʊəz]
美[ˈflaʊərz]
花;花朵;开花植物;带梗的花;开花;成熟;繁荣;兴旺;flower的第三人称单数和复数"
observing	87	"英[əbˈzɜːvɪŋ]
美[əbˈzɜːrvɪŋ]
看到;注意到;观察到;观察;注视;监视;说话;评论;observe的现在分词"
repair	87	"英[rɪˈpeə(r)]
美[rɪˈper]
修理;修补;修缮;补救;纠正;弥补"
witnessed	87	"英[ˈwɪtnəst]
美[ˈwɪtnəst]
当场看到，目击;是发生…的地点;见证;作证，连署;witness的过去分词和过去式"
offend	87	"英[əˈfend]
美[əˈfend]
得罪;冒犯;令人不适;犯罪;犯法"
enabling	87	"英[ɪˈneɪblɪŋ]
美[ɪˈneɪblɪŋ]
使能够;使有机会;使成为可能;使可行;使实现;enable的现在分词"
bother	87	"英[ˈbɒðə(r)]
美[ˈbɑːðər]
花费时间精力;使烦恼;给造成麻烦;打扰;搭话烦扰;麻烦;困难;令人烦恼的情况;表示对某事或某人烦恼"
explore	87	"英[ɪkˈsplɔː(r)]
美[ɪkˈsplɔːr]
勘探;勘查;探索;考察;探究;调查研究;探讨;探察，探查"
ultimately	87	"英[ˈʌltɪmətli]
美[ˈʌltɪmətli]
最终;最后;终归;最基本地;根本上"
standstill	87	"英[ˈstændstɪl]
美[ˈstændstɪl]
停止;停顿;停滞"
valid	87	"英[ˈvælɪd]
美[ˈvælɪd]
有效的;认可的;符合逻辑的;合理的;有根据的;确凿的;系统认可的"
fourth	87	"英[fɔːθ]
美[fɔːrθ]
第四;第四，月的第四日;四分之一"
overcome	87	"英[ˌəʊvəˈkʌm]
美[ˌoʊvərˈkʌm]
克服;解决;战胜;受到…的极大影响"
spare	87	"英[speə(r)]
美[sper]
不用的;闲置的;备用的;外加的;空闲的;空余的;抽出;拨出;留出;匀出;省得;免去;饶恕;赦免;放过;使逃脱;备用品;备用轮胎"
sixty	87	"英[ˈsɪksti]
美[ˈsɪksti]
六十;六十几;六十年代"
specialists	87	"英[ˈspɛʃəlɪsts]
美[ˈspɛʃələsts]
专家;专科医生;specialist的复数"
restriction	87	"英[rɪˈstrɪkʃn]
美[rɪˈstrɪkʃn]
限制规定;限制法规;限制;约束;制约因素"
plausible	87	"英[ˈplɔːzəbl]
美[ˈplɔːzəbl]
有道理的;可信的;巧言令色的;花言巧语的"
troubled	87	"英[ˈtrʌbld]
美[ˈtrʌbld]
忧虑的;烦恼的;不安的;麻烦多的;混乱的;扰乱的;使忧虑;使烦恼;使苦恼;劳驾;费神;麻烦;费事;费力;trouble的过去分词和过去式"
strengthening	87	"英[ˈstreŋθnɪŋ]
美[ˈstreŋθnɪŋ]
加强;增强;巩固;strengthen的现在分词"
trucks	87	"英[trʌks]
美[trʌks]
敞篷车，无盖车皮;载重汽车;手推车，手拉车;用卡车装运;truck的第三人称单数和复数"
spying	87	"英[ˈspaɪɪŋ]
美[ˈspaɪɪŋ]
从事间谍活动;搜集情报;突然看见;发现;spy的现在分词"
refer	87	"英[rɪˈfɜː(r)]
美[rɪˈfɜːr]
谈及;提到;提及;称…;指;涉及;描述"
snow	87	"英[snəʊ]
美[snoʊ]
雪;雪花;积雪;降雪量;一场雪;下雪;蒙，唬"
races	87	"英[ˈreɪsɪz]
美[ˈreɪsɪz]
赛跑;速度竞赛;竞争;角逐;赛马会;比赛;参加比赛;使比赛;让…参加速度比赛;快速移动，快速运转;race的第三人称单数和复数"
speakers	87	"英[ˈspiːkəz]
美[ˈspikərz]
发言者;演讲者;说话者;讲的人;speaker的复数"
accommodate	87	"英[əˈkɒmədeɪt]
美[əˈkɑːmədeɪt]
为提供住宿;容纳;为…提供空间;考虑到;顾及"
loyal	87	"英[ˈlɔɪəl]
美[ˈlɔɪəl]
忠诚的;忠实的"
motive	87	"英[ˈməʊtɪv]
美[ˈmoʊtɪv]
动机;原因;目的;发动的;导致运动的"
ruin	87	"英[ˈruːɪn]
美[ˈruːɪn]
毁坏;破坏;糟蹋;使破产;毁灭;破产;一无所有;失去工作;破产的根源;祸根"
attracted	87	"英[əˈtræktɪd]
美[əˈtræktɪd]
吸引;使喜爱;引起…的好感;招引;引起;attract的过去分词和过去式"
courageous	87	"英[kəˈreɪdʒəs]
美[kəˈreɪdʒəs]
勇敢的;无畏的"
com	87	"英[kɒm]
美[kɑːm]
commerce 商业;committee 委员会"
improper	87	"英[ɪmˈprɒpə(r)]
美[ɪmˈprɑːpər]
不诚实的;不正当的;不道德的;不合适的;不适当的;不得体的;错误的;不正确的"
credibility	87	"英[ˌkredəˈbɪləti]
美[ˌkredəˈbɪləti]
可信性;可靠性"
campaigns	87	"英[kæmˈpeɪnz]
美[kæmˈpeɪnz]
运动;战役;参加运动，领导运动;campaign的第三人称单数和复数"
moore	87	"英[mʊə]
美[mʊr]
捷克式转体;摩尔"
amateurs	87	"英[ˈæmətə(ː)z]
美[ˈæməˌtɜrz]
业余爱好者;业余运动员;生手;外行;amateur的复数"
prizes	87	"英[ˈpraɪzɪz]
美[ˈpraɪzɪz]
奖;奖赏;奖励;奖品;奖金;难能可贵的事物;难以争取的重要事物;珍视;高度重视;prize的第三人称单数和复数"
sides	87	"英[saɪdz]
美[saɪdz]
一边，一侧;一旁，一边;侧面;支持，偏袒;side的第三人称单数和复数"
nails	87	"英[neɪlz]
美[neɪlz]
指甲;趾甲;钉;钉子;钉牢，固定;抓获并证明有罪;抓住;证明…不属实;揭露;揭发;nail的第三人称单数和复数"
persuasive	87	"英[pəˈsweɪsɪv]
美[pərˈsweɪsɪv]
有说服力的;令人信服的"
henry	87	"英[ˈhenri]
美[ˈhenri]
亨利"
connections	87	"英[kəˈnɛkʃənz]
美[kəˈnɛkʃənz]
联系，关联;联结;接通;连接;连接点;接头;connection的复数"
inherent	82	"英[ɪnˈherənt]
美[ɪnˈhɪrənt]
固有的;内在的"
bone	82	"英[bəʊn]
美[boʊn]
骨头;骨;骨质;有…样的骨头的;挑掉…的鱼刺;剔去…的骨头"
breakthroughs	82	"英[ˈbreɪkˌθruːz]
美[ˈbreɪkˌθruz]
重大进展;突破;breakthrough的复数"
scarcely	82	"英[ˈskeəsli]
美[ˈskersli]
勉强;刚;几乎不;简直不;刚一…就;实在不应该;根本不可能"
witness	82	"英[ˈwɪtnəs]
美[ˈwɪtnəs]
目击者;见证人;证人;连署人;当场看到，目击;是发生…的地点;见证;作证，连署"
cleaned	82	"英[kliːnd]
美[kliːnd]
除去…的灰尘;使…干净;打扫;变干净;清除内脏;clean的过去分词和过去式"
dash	82	"英[dæʃ]
美[dæʃ]
猛冲;突进;急奔;匆忙;匆促;仓促;少量，少许;急驰;猛掷;猛击;猛撞"
equipped	82	"英[ɪˈkwɪpt]
美[ɪˈkwɪpt]
配备;装备;使有所准备;使有能力;equip的过去分词和过去式"
supplies	82	"英[səˈplaɪz]
美[səˈplaɪz]
供应量;供给量;储备;补给，补给品;供应;供给;提供;补给;供应，供给，提供;supply的第三人称单数和复数"
holidays	82	"英[ˈhɒlədeɪz]
美[ˈhɑːlədeɪz]
假期;度假期;假日，节日;度假;休假;holiday的第三人称单数和复数"
discard	82	"英[dɪˈskɑːd , ˈdɪskɑːd]
美[dɪˈskɑːrd , ˈdɪskɑːrd]
丢弃;抛弃;垫;打出;被抛弃的人;垫出的牌"
edition	82	"英[ɪˈdɪʃn]
美[ɪˈdɪʃn]
版本;一份;一期，一辑;一版印刷总数，版次"
sensible	82	"英[ˈsensəbl]
美[ˈsensəbl]
明智的;理智的;合理的;切合实际的;朴素而实用的;意识到;认识到"
season	82	"英[ˈsiːzn]
美[ˈsiːzn]
季;季节;旱 / 雨季;季节，旺季;加调料调味;加作料"
brown	82	"英[braʊn]
美[braʊn]
棕色的;褐色的;棕色的，被晒黑的;棕色;褐色;变成棕色，成褐色"
strive	82	"英[straɪv]
美[straɪv]
努力;奋斗;力争;力求"
asleep	82	"英[əˈsliːp]
美[əˈsliːp]
睡着"
senator	82	"英[ˈsenətə(r)]
美[ˈsenətər]
参议员"
al	82	"英[]
美[]
alii (=other persons) 其他人;albino 白化体"
remembering	82	"英[rɪˈmembərɪŋ]
美[rɪˈmembərɪŋ]
回想起;记得;记起;想起;记住;把…牢记在心;remember的现在分词"
mildly	82	"英[ˈmaɪldli]
美[ˈmaɪldli]
轻微地;稍微地;和善地;温和地"
farmers	82	"英[ˈfɑːməz]
美[ˈfɑrmərz]
农场主;农人;farmer的复数"
geology	82	"英[dʒiˈɒlədʒi]
美[dʒiˈɑːlədʒi]
地质学;地质"
comparatively	82	"英[kəmˈpærətɪvli]
美[kəmˈpærətɪvli]
比较上;相对地"
networks	82	"英[ˈnetwɜːks]
美[ˈnetwɜːrks]
网络;网状系统;关系网;人际网;相互关系的系统;将…连接成网络;联播;建立工作关系;network的第三人称单数和复数"
disadvantage	82	"英[ˌdɪsədˈvɑːntɪdʒ]
美[ˌdɪsədˈvæntɪdʒ]
不利因素;障碍;不便之处"
fetch	82	"英[fetʃ]
美[fetʃ]
拿来;请来;售得，卖得"
airliners	82	"英[ˈeəlaɪnəz]
美[ˈɛrˌlaɪnərz]
大型客机;班机;airliner的复数"
failing	82	"英[ˈfeɪlɪŋ]
美[ˈfeɪlɪŋ]
弱点;缺点;如果不能;如果没有;失败;未能;未做;未履行;不及格;评定不及格;fail的现在分词"
moderate	82	"英[ˈmɒdərət , ˈmɒdəreɪt]
美[ˈmɑːdərət , ˈmɑːdəreɪt]
适度的;中等的;温和的;不激烈的;不偏激的;适中的;合理的;缓和;使适中;审核评分;主持;持温和观点者"
aristotle	82	"英[ˈæristɔtl]
美[ˈærɪˌstɑtl]
亚里斯多德"
eggs	82	"英[eɡz]
美[eɡz]
蛋;卵;禽蛋;鸡蛋;卵子;卵细胞;怂恿;鼓励;egg的第三人称单数和复数"
constraints	82	"英[kənˈstreɪnts]
美[kənˈstreɪnts]
限制;限定;约束;严管;constraint的复数"
highlights	82	"英[ˈhaɪlaɪts]
美[ˈhaɪlaɪts]
突出;强调;将用彩笔做标记;将增强亮度;使醒目;挑染;最好的部分;挑染的头发;强光部分;highlight的第三人称单数和复数"
vice	82	"英[vaɪs]
美[vaɪs]
罪行;恶行;不道德行为;堕落;邪恶;台钳;老虎钳"
prime	82	"英[praɪm]
美[praɪm]
主要的;首要的;基本的;优质的;上乘的;优异的;典型的;有代表性的;盛年;年富力强的时期;鼎盛时期;质数;事先指点;使做好准备;把准备好;在打底漆"
temper	82	"英[ˈtempə(r)]
美[ˈtempər]
脾气;易怒的性情;怒气;火气;阵怒;心情;情绪;心境;使缓和;使温和;使回火"
publications	82	"英[ˌpʌblɪˈkeɪʃənz]
美[ˌpʌblɪˈkeɪʃənz]
出版，发行;出版物;发表;刊登;公布;publication的复数"
fighting	82	"英[ˈfaɪtɪŋ]
美[ˈfaɪtɪŋ]
打仗;战斗;作战;搏斗;打斗;打架;参加;竞争;fight的现在分词"
desperate	82	"英[ˈdespərət]
美[ˈdespərət]
不惜冒险的，不顾一切的，拼命的;绝望的;孤注一掷的;铤而走险的;非常需要;极想;渴望"
conductor	82	"英[kənˈdʌktə(r)]
美[kənˈdʌktər]
指挥;职业指挥;列车长;售票员"
represents	82	"英[ˌreprɪˈzents]
美[ˌreprɪˈzents]
代表;作为…的代言人;维护…的利益;等于;相当于;意味着;represent的第三人称单数"
superiority	82	"英[suːˌpɪəriˈɒrəti]
美[suːˌpɪriˈɔːrəti]
优越;优势;优越感;神气活现的样子;盛气凌人的行为"
star	82	"英[stɑː(r)]
美[stɑːr]
恒星;星;星状物;星形饰物;星号;星级;主演;担任主角;使主演;由…担任主角;标星号"
uniforms	82	"英[ˈjuːnɪfɔːmz]
美[ˈjunəˌfɔrmz]
制服;校服;uniform的复数"
cruel	82	"英[ˈkruːəl]
美[ˈkruːəl]
残酷的;冷酷的;残忍的;残暴的;引起痛苦的"
inherited	82	"英[ɪnˈherɪtɪd]
美[ɪnˈherɪtɪd]
继承;经遗传获得;接替;继任;inherit的过去分词和过去式"
institutional	82	"英[ˌɪnstɪˈtjuːʃənl]
美[ˌɪnstɪˈtuːʃənl]
机构的;慈善机构的"
monitors	82	"英[ˈmɒnɪtəz]
美[ˈmɑːnɪtərz]
显示屏;监视器;显示器;监控器;监测器;班长;级长;班代表;监视;检查;跟踪调查;监听;monitor的第三人称单数和复数"
fantastic	82	"英[fænˈtæstɪk]
美[fænˈtæstɪk]
极好的;了不起的;很大的;大得难以置信的;怪诞的;荒诞不经的;富于想象的"
theirs	82	"英[ðeəz]
美[ðerz]
他们的，她们的，它们的"
canceled	82	"英[ˈkænsld]
美[ˈkænsld]
取消了的；废除的;缩写词为CAN，C"
upsetting	82	"英[ʌpˈsetɪŋ]
美[ʌpˈsetɪŋ]
令人不快的;使烦恼;使心烦意乱;使生气;打乱;搅乱;使不适;upset的现在分词"
protected	82	"英[prəˈtektɪd]
美[prəˈtektɪd]
受保护的;保护;防护;实行贸易保护;protect的过去分词和过去式"
whites	82	"英[waɪts]
美[waɪts]
白色;雪白;乳白;白种人;白人;白葡萄酒;使变白;把…漆成白色;white的第三人称单数和复数"
counseling	82	"英[ˈkaʊnslɪŋ]
美[ˈkaʊnslɪŋ]
评议；商议；辅导；建议"
shots	82	"英[ʃɒts]
美[ʃɑts]
射击;开枪;枪声;优秀射手，枪手，炮手;铅沙弹;开;发射;射杀;射伤;shot的第三人称单数和复数"
acknowledges	82	"英[əkˈnɒlɪdʒɪz]
美[əkˈnɑːlɪdʒɪz]
承认;告知收悉;acknowledge的第三人称单数"
biologists	82	"英[baɪˈɒlədʒɪsts]
美[baɪˈɑlədʒɪsts]
生物学家;biologist的复数"
souls	82	"英[səʊlz]
美[soʊlz]
灵魂;心性;内心;心灵;精神状况，道德品质;soul的复数"
plane	82	"英[pleɪn]
美[pleɪn]
飞机;平面;水平，程度，阶段，境界;平的;平坦的;用刨子刨平;滑翔;擦着水面疾驶"
respectable	82	"英[rɪˈspektəbl]
美[rɪˈspektəbl]
体面的;得体的;值得尊敬的;相当好的;不丢面子的"
resolved	82	"英[rɪˈzɒlvd]
美[rɪˈzɑːlvd]
下定决心;坚定;解决;决心;决定;作出决定;作出决议;表决;resolve的过去分词和过去式"
frightened	82	"英[ˈfraɪtnd]
美[ˈfraɪtnd]
惊吓的;受惊的;害怕的;使惊吓;使惊恐;frighten的过去分词和过去式"
worried	82	"英[ˈwʌrid]
美[ˈwɜːrid]
担心的;担忧的;发愁的;担心;担忧;发愁;使担心;使担忧;使发愁;骚扰;烦扰;使不安宁;worry的过去分词和过去式"
olympics	82	"英[əʊˈlɪmpɪks]
美[oʊˈlɪmpɪks]
奥林匹克运动会"
newsletters	82	"英[ˈnjuːzˌlɛtəz]
美[ˈnuˌzlɛtərz]
内部通讯，简讯;newsletter的复数"
operative	82	"英[ˈɒpərətɪv]
美[ˈɑːpərətɪv]
工作人员;技术工人，操作员;密探;特工人员;可使用;在使用中;手术的"
uncertainty	82	"英[ʌnˈsɜːtnti]
美[ʌnˈsɜːrtnti]
犹豫;迟疑;无把握;拿不定的事;令人无把握的局面"
possessions	82	"英[pəˈzɛʃənz]
美[pəˈzɛʃənz]
具有;拥有;个人财产;私人物品;控球状态;possession的复数"
assignment	82	"英[əˈsaɪnmənt]
美[əˈsaɪnmənt]
工作，任务;分派，布置"
imitate	82	"英[ˈɪmɪteɪt]
美[ˈɪmɪteɪt]
模仿;仿效;作滑稽模仿"
territory	82	"英[ˈterətri]
美[ˈterətɔːri]
领土;版图;领地;领域，管区，地盘;地区"
dignity	82	"英[ˈdɪɡnəti]
美[ˈdɪɡnəti]
庄重;庄严;尊严;尊贵;高贵;高尚;自豪;自尊;自重"
absorbed	82	"英[əbˈzɔːbd]
美[əbˈzɔːrbd]
被…吸引住;专心致志;全神贯注;吸收;使并入;吞并;同化;理解;掌握;absorb的过去分词和过去式"
hidden	82	"英[ˈhɪdn]
美[ˈhɪdn]
难以看见的;隐藏的;隐秘的;藏;隐蔽;躲避;隐匿;遮住;遮挡;hide的过去分词"
securing	82	"英[sɪˈkjʊərɪŋ]
美[sɪˈkjʊrɪŋ]
获得，取得，实现;拴牢;扣紧;关严;保护;保卫;使安全;secure的现在分词"
arbiters	82	"英[ˈɑːbɪtəz]
美[ˈɑrbətərz]
仲裁人;公断人;裁决人;决定者;权威人士;arbiter的复数"
residents	82	"英[ˈrɛzɪdənts]
美[ˈrɛzɪdənts]
居民;住户;住宿者，旅客，房客;高级专科住院实习医生;resident的复数"
fitting	82	"英[ˈfɪtɪŋ]
美[ˈfɪtɪŋ]
适合的;恰当的;合身的;合适的;小配件，附件;可拆除装置;试衣;适合，合身;可容纳，装进;试穿;fit的现在分词"
prehistoric	82	"英[ˌpriːhɪˈstɒrɪk]
美[ˌpriːhɪˈstɔːrɪk]
史前的;有文字记载以前的;远古的"
charter	82	"英[ˈtʃɑːtə(r)]
美[ˈtʃɑːrtər]
宪章;宪章，章程;特许状，许可证，凭照;包租;特许设立;给予…特权;发给许可证"
ticket	82	"英[ˈtɪkɪt]
美[ˈtɪkɪt]
票;券;车票;戏票;入场券;奖券;彩票;标签;售票;给…门票;送票;发出交通违章通知单"
dreadful	82	"英[ˈdredfl]
美[ˈdredfl]
糟糕透顶的;讨厌的;令人不快的;极其的，极坏的;可怕的;令人畏惧的;使人痛苦的"
initiative	82	"英[ɪˈnɪʃətɪv]
美[ɪˈnɪʃətɪv]
倡议;新方案;主动性;积极性;自发性;掌握有利条件的能力;主动权"
subscribe	82	"英[səbˈskraɪb]
美[səbˈskraɪb]
定期订购;定期交纳;定期捐款;定期捐助;认购"
texas	82	"英[ˈtɛksəs]
美[ˈtɛksəs]
<美>最高甲板舱，高级房舱"
selective	82	"英[sɪˈlektɪv]
美[sɪˈlektɪv]
选择性的;有选择的;认真挑选的;严格筛选的"
populations	82	"英[ˌpɒpjʊˈleɪʃənz]
美[ˌpɑpjəˈleɪʃənz]
人口，人口数量;某领域的生物;族群;人口;population的复数"
conservatives	82	"英[kənˈsɜːvətɪvz]
美[kənˈsɜrvətɪvz]
保守党党员，保守党支持者;保守者;因循守旧者;conservative的复数"
identifiable	82	"英[aɪˌdentɪˈfaɪəbl]
美[aɪˌdentɪˈfaɪəbl]
可识别的;可辨认的"
supplement	82	"英[ˈsʌplɪmənt , ˈsʌplɪment]
美[ˈsʌplɪmənt , ˈsʌplɪment]
增补;补充;添加物;增刊;补编，补遗，附录"
