corporate	186	"英[ˈkɔːpərət]
美[ˈkɔːrpərət]
公司的;组成公司的;法人的;社团的;全体的;共同的"
streets	186	"英[striːts]
美[strits]
大街;街道;street的复数"
broken	186	"英[ˈbrəʊkən]
美[ˈbroʊkən]
破损的;伤残的;残缺的;出了毛病的;中止了的;破坏了的;被违背的;未履行的;破，裂，碎;弄坏;损坏;坏掉;弄破;使流血;break的过去分词"
traditionally	186	"英[trəˈdɪʃnəli]
美[trəˈdɪʃənəli]
传统上;传说上"
endless	186	"英[ˈendləs]
美[ˈendləs]
无止境的;无垠的;无穷无尽的;不计其数的;永久的;不断的;无休止的;两端连接的;环状的"
creation	186	"英[kriˈeɪʃn]
美[kriˈeɪʃn]
创造;创建;作品;创作;创造天地"
lees	186	"英[liːz]
美[liz]
背风处;避风处;沉淀物，残渣;lee的复数"
mistake	186	"英[mɪˈsteɪk]
美[mɪˈsteɪk]
错误，失误;错误，口误，笔误;误会;误解;看错"
remaining	186	"英[rɪˈmeɪnɪŋ]
美[rɪˈmeɪnɪŋ]
仍需做的;还需处理的;仍然是;保持不变;剩余;遗留;继续存在;仍需去做;remain的现在分词"
license	186	"英[ˈlaɪsns]
美[ˈlaɪsns]
批准;许可;执照，许可证;特许"
launched	186	"英[lɔːntʃt]
美[lɔːntʃt]
开始从事，发起，发动;上市，发行;使下水;launch的过去分词和过去式"
solved	186	"英[sɒlvd]
美[sɑːlvd]
解决;处理;解答;破解;solve的过去分词和过去式"
shops	186	"英[ʃɒps]
美[ʃɑːps]
商店;店铺;工厂;工场;作坊;车间;购物;采买;去商店买;在商店购物;逛商店;告发;shop的第三人称单数和复数"
painful	186	"英[ˈpeɪnfl]
美[ˈpeɪnfl]
令人疼痛的;令人痛苦的;不愉快的;困难的;艰难的"
stable	186	"英[ˈsteɪbl]
美[ˈsteɪbl]
稳定的;稳固的;牢固的;稳重的;沉稳的;持重的;马厩;养马场;马房;统称某人拥有赛马;使入厩;把拴在马厩"
opinions	186	"英[əˈpɪnjənz]
美[əˈpɪnjənz]
意见;想法;看法;观点，信仰;专家意见;opinion的复数"
cope	186	"英[kəʊp]
美[koʊp]
对付，处理;斗篷式祭衣，大圆衣"
demonstrated	186	"英[ˈdemənstreɪtɪd]
美[ˈdemənstreɪtɪd]
证明;证实;论证;说明;表达;表露;表现;显露;示范;演示;demonstrate的过去分词和过去式"
post	186	"英[pəʊst]
美[poʊst]
邮政;邮递;邮寄;邮寄的信函;邮件;收集邮件的时间;邮班;寄;把投入邮筒;投递;把…放入"
carried	186	"英[ˈkærid]
美[ˈkærid]
拿;提;搬;扛;背;抱;运送;携带;佩戴;输送，传输，传送;carry的过去分词和过去式"
responses	186	"英[rɪsˈpɒnsɪz]
美[rɪˈspɑnsɪz]
回答，答复;反应;响应;答唱咏，启应经;response的复数"
democracy	186	"英[dɪˈmɒkrəsi]
美[dɪˈmɑːkrəsi]
民主政体;民主制度;民主国家;民主精神;民主权利;民主"
customer	186	"英[ˈkʌstəmə(r)]
美[ˈkʌstəmər]
顾客;主顾;客户;家伙"
occurs	186	"英[əˈkɜːz]
美[əˈkɜːrz]
发生;出现;存在于;出现在;occur的第三人称单数"
bottom	186	"英[ˈbɒtəm]
美[ˈbɑːtəm]
底部;最下部;底，底面;底;底部的;最后的;尽头的;给…装上底;降到最低;对…寻根问底;为…提供根据"
head	186	"英[hed]
美[hed]
头;头部;头脑;脑筋;一头长，一头高;朝行进;领导;主管;位于排行之首;排在前头"
encourages	186	"英[ɪnˈkʌrɪdʒɪz]
美[ɪnˈkɜːrɪdʒɪz]
支持;鼓励;激励;鼓动;劝告;怂恿;促进;助长;刺激;encourage的第三人称单数"
contributing	186	"英[kənˈtrɪbjuːtɪŋ]
美[kənˈtrɪbjuːtɪŋ]
捐献，捐赠;捐助;是…的原因之一;增加;增进;添加;contribute的现在分词"
honor	186	"英[ˈɒnə]
美[ˈɑːnər]
荣誉;荣幸;尊敬;名誉;尊重;接受;给与…的光荣"
recording	186	"英[rɪˈkɔːdɪŋ]
美[rɪˈkɔːrdɪŋ]
录制的音像;录音;录像;录制;记录，记载;记录;记载;录;演奏音乐供录制;灌;record的现在分词"
relative	186	"英[ˈrelətɪv]
美[ˈrelətɪv]
相比较而言的;比较的;相对的;相关联的;相比之下存在的;亲戚;亲属;同类事物"
pursuit	186	"英[pəˈsjuːt]
美[pərˈsuːt]
追求;寻找;追赶;跟踪;追捕;事业;消遣;爱好"
trained	186	"英[treɪnd]
美[treɪnd]
训练;培训;接受训练;进行…训练;进行体育锻炼;教育;培养…的能力;train的过去分词和过去式"
sit	186	"英[sɪt]
美[sɪt]
坐;使坐;使就座;处在;坐落在;被放在"
expanding	186	"英[ɪkˈspændɪŋ]
美[ɪkˈspændɪŋ]
扩大，增加，增强;扩展，发展;细谈;详述;详细阐明;expand的现在分词"
graduate	186	"英[ˈɡrædʒuət , ˈɡrædʒueɪt]
美[ˈɡrædʒuət , ˈɡrædʒueɪt]
大学毕业生;学士学位获得者;毕业生;获得学位;大学毕业;毕业;授予学位"
monopoly	186	"英[məˈnɒpəli]
美[məˈnɑːpəli]
垄断;专营服务;被垄断的商品;独占;专利;专利品;“大富翁”"
requirement	186	"英[rɪˈkwaɪəmənt]
美[rɪˈkwaɪərmənt]
所需的东西;必要条件;必备的条件"
promised	186	"英[ˈprɒmɪst]
美[ˈprɑːmɪst]
许诺;承诺;答应;保证;使很可能;预示;promise的过去分词和过去式"
convincing	186	"英[kənˈvɪnsɪŋ]
美[kənˈvɪnsɪŋ]
令人信服的;有说服力的;使确信;使相信;使信服;说服，劝说;convince的现在分词"
proposed	186	"英[prəˈpəʊzd]
美[prəˈpoʊzd]
提议;建议;打算;希冀;计划;求婚;propose的过去分词和过去式"
citizens	186	"英[ˈsɪtɪznz]
美[ˈsɪtəzənz]
公民;居民;市民;citizen的复数"
considerable	186	"英[kənˈsɪdərəbl]
美[kənˈsɪdərəbl]
相当多的"
lines	186	"英[laɪnz]
美[laɪnz]
线;线条;界线;场地线，场界;皱纹;褶子;做衬里;形成一层;沿…形成行;line的第三人称单数和复数"
focused	186	"英[ˈfəʊkəst]
美[ˈfoʊkəst]
注意力集中的;目标明确的;集中;调节焦距;聚焦;focus的过去分词和过去式"
military	186	"英[ˈmɪlətri]
美[ˈmɪləteri]
军事的;军队的;武装的;军人;军队;军方"
depend	186	"英[dɪˈpend]
美[dɪˈpend]
取决;有赖;依靠;依赖;指望;信赖"
happens	186	"英[ˈhæpənz]
美[ˈhæpənz]
发生，出现;出现，发生;碰巧;恰好;happen的第三人称单数"
deserve	186	"英[dɪˈzɜːv]
美[dɪˈzɜːrv]
值得;应得;应受"
users	186	"英[ˈjuːzəz]
美[ˈjuzərz]
使用者;用户;瘾君子;吸毒者;user的复数"
universal	185	"英[ˌjuːnɪˈvɜːsl]
美[ˌjuːnɪˈvɜːrsl]
普遍的;全体的;全世界的;共同的;普遍存在的;广泛适用的;全称命题;一般概念;一般性"
royal	185	"英[ˈrɔɪəl]
美[ˈrɔɪəl]
国王的;女王的;皇家的;王室的;用于服务于国王或女王或受其赞助的组织名称;庄严的;盛大的;高贵的;适合国王的;王室成员"
enhance	185	"英[ɪnˈhɑːns]
美[ɪnˈhæns]
提高;增强;增进"
gain	185	"英[ɡeɪn]
美[ɡeɪn]
获得;赢得;博得;取得;受益，获益;得到;增加;增添;增进;增长;增值，增加;好处;利益;改进;利润;经济收益"
tendency	185	"英[ˈtendənsi]
美[ˈtendənsi]
倾向;偏好;性情;趋势;趋向;极端派别"
interpretation	185	"英[ɪnˌtɜːprəˈteɪʃn]
美[ɪnˌtɜːrprəˈteɪʃn]
理解;解释;说明;演绎;演奏方式;表演方式"
welcome	185	"英[ˈwelkəm]
美[ˈwelkəm]
欢迎;迎;乐意接纳;欣然接受;令人愉快的;受欢迎的;受款待的;可随意;迎接;接待;反应方式，对待，接受"
union	185	"英[ˈjuːniən]
美[ˈjuːniən]
协会;联合会;会社;俱乐部;同盟;联盟;联邦;美利坚合众国，美国"
japan	185	"英[dʒə'pæn]
美[dʒə'pæn]
日本漆器的;涂了日本漆的;日本;日本漆;亮漆;给…涂漆;使平滑光亮"
duty	185	"英[ˈdjuːti]
美[ˈduːti]
责任;义务;本分;上班;值班;职责;任务"
electricity	180	"英[ɪˌlekˈtrɪsəti]
美[ɪˌlekˈtrɪsəti]
电;电能;强烈的感情;激动;兴奋"
requirements	180	"英[rɪˈkwaɪəmənts]
美[rɪˈkwaɪrmənts]
所需的东西;必要条件;必备的条件;requirement的复数"
everybody	180	"英[ˈevribɒdi]
美[ˈevribɑːdi]
同 everyone;每个人;所有人;人们"
crude	180	"英[kruːd]
美[kruːd]
粗略的;简略的;大概的;粗糙的;粗制的;冒犯的，粗俗的，粗鲁的;原油;石油"
economists	180	"英[i(ː)ˈkɒnəmɪsts]
美[ɪˈkɑnəmɪsts]
经济学家;经济专家;economist的复数"
northern	180	"英[ˈnɔːðən]
美[ˈnɔːrðərn]
北方的;向北的;北部的"
relief	180	"英[rɪˈliːf]
美[rɪˈliːf]
宽慰，轻松;解脱;减轻，消除，缓和;救济，救援物品"
abuse	180	"英[əˈbjuːs , əˈbjuːz]
美[əˈbjuːs , əˈbjuːz]
滥用;妄用;虐待;辱骂;恶语;滥用，妄用;性虐待;伤害"
pointed	180	"英[ˈpɔɪntɪd]
美[ˈpɔɪntɪd]
尖的;有尖头的;尖锐的;尖刻的;明确的;指，指向;瞄准;对着;朝向;point的过去分词和过去式"
magazines	180	"英[ˌmægəˈziːnz]
美[ˈmægəˌzinz]
杂志;期刊;专题节目;弹仓;弹盒;弹盘;magazine的复数"
conventional	180	"英[kənˈvenʃənl]
美[kənˈvenʃənl]
依照惯例的;遵循习俗的;墨守成规的;普通平凡的;传统的;习惯的;非核的;常规的"
teach	180	"英[tiːtʃ]
美[tiːtʃ]
教;讲授;教授;训练;教育;教导;使懂得"
strongly	180	"英['strɒŋli]
美[ˈstrɒŋli]
强烈地;坚决地;大力地;浓烈地"
industrialization	180	"英[ɪnˌdʌstrɪəlaɪˈzeɪʃən]
美[ɪnˌdʌstriəlɪˈzeɪʃən]
工业化"
abandon	180	"英[əˈbændən]
美[əˈbændən]
离弃，遗弃，抛弃;舍弃，丢弃，离开;停止;放弃;放任;放纵"
ends	180	"英[endz]
美[endz]
终止，终结，结局，结尾;末端;尽头;末梢;结束;破灭;终止;end的第三人称单数和复数"
faced	180	"英[feɪst]
美[feɪst]
面对;面向;正对;面临，必须对付;承认，正视;face的过去分词和过去式"
vegetables	180	"英[ˈvɛdʒtəb(ə)lz]
美[ˈvɛdʒtəbəlz]
蔬菜;植物人;生活单调乏味的人;vegetable的复数"
judgments	180	"英[ˈdʒʌdʒmənts]
美[ˈdʒʌdʒmənts]
看法;意见;评价;判断力;识别力;判决;裁决;judgment的复数"
likewise	180	"英[ˈlaɪkwaɪz]
美[ˈlaɪkwaɪz]
同样地;类似地;也;还;亦;而且;我也是，我有同感"
ruled	180	"英[ruːld]
美[ruːld]
有横格的，有平行线的;控制;统治;支配;操纵;决定;裁定;判决;rule的过去分词和过去式"
pull	180	"英[pʊl]
美[pʊl]
拉;拽;扯;拖;拔出;抽出;拖，拉动;力;引力;磁力;吸引力;诱惑;影响"
confront	180	"英[kənˈfrʌnt]
美[kənˈfrʌnt]
使…无法回避;降临于;处理，解决;面对;对抗;与对峙"
theatre	180	"英[ˈθɪətə(r)]
美[ˈθiːətər]
戏院;剧场;露天剧场;戏剧;戏剧工作;剧作;演出;上演"
protection	180	"英[prəˈtekʃn]
美[prəˈtekʃn]
保护;防卫;保护物;护身符;保险"
illegal	180	"英[ɪˈliːɡl]
美[ɪˈliːɡl]
不合法的;非法的;违法的;非法移民;非法劳工"
psychology	180	"英[saɪˈkɒlədʒi]
美[saɪˈkɑːlədʒi]
心理学;心理;心理特征;心理影响"
reaching	180	"英[ˈriːtʃɪŋ]
美[ˈriːtʃɪŋ]
到达;抵达;引起…的注意;增加到，提升到;reach的现在分词"
selected	180	"英[sɪˈlektɪd]
美[sɪˈlektɪd]
选择;挑选;选拔;选定;选择，选取;select的过去分词和过去式"
subjected	180	"英[səbˈdʒektɪd]
美[səbˈdʒektɪd]
使臣服;使顺从;压服;subject的过去分词和过去式"
grow	180	"英[ɡrəʊ]
美[ɡroʊ]
扩大;增加;增强;长大;长高;发育;成长;生长"
professionals	180	"英[prəˈfɛʃənlz]
美[prəˈfɛʃənəlz]
专门人员;专业人士;专家;职业运动员;专业人员;内行;专门人才;技术精湛者;老练的人;professional的复数"
watching	180	"英[ˈwɒtʃɪŋ]
美[ˈwɑːtʃɪŋ]
看;注视;观看;观察;照看，看护，照管;小心;当心;留意;watch的现在分词"
heads	180	"英[hedz]
美[hedz]
头;头部;头脑;脑筋;一头长，一头高;朝行进;领导;主管;位于排行之首;排在前头;head的第三人称单数和复数"
southern	180	"英[ˈsʌðən]
美[ˈsʌðərn]
南方的;向南的;南部的"
constitutes	180	"英[ˈkɒnstɪtjuːts]
美[ˈkɑːnstɪtuːts]
是;被算作;组成;构成;成立，设立;constitute的第三人称单数"
assistant	180	"英[əˈsɪstənt]
美[əˈsɪstənt]
助理;助手;助教;助理的;副的"
lest	180	"英[lest]
美[lest]
免得;以免;唯恐，担心"
worthwhile	180	"英[ˌwɜːθˈwaɪl]
美[ˌwɜːrθˈwaɪl]
重要的;令人愉快的;有趣的;值得花时间"
candidates	180	"英[ˈkændɪdɪts]
美[ˈkændədeɪts]
候选人，申请人;投考者;应试者;参加考试的人;被认定适合者;被认定有某种结局者;candidate的复数"
hospital	180	"英[ˈhɒspɪtl]
美[ˈhɑːspɪtl]
医院"
solutions	180	"英[səˈluːʃənz]
美[səˈluʃənz]
解决办法;处理手段;答案;解;谜底;溶液;solution的复数"
grows	180	"英[ɡrəʊz]
美[ɡroʊz]
扩大;增加;增强;长大;长高;发育;成长;生长;grow的第三人称单数"
typically	180	"英[ˈtɪpɪkli]
美[ˈtɪpɪkli]
通常;一般;典型地;具有代表性地;不出所料;果然"
degrees	180	"英[dɪˈgriːz]
美[dɪˈgriz]
度，度数;度数;程度;degree的复数"
enables	180	"英[ɪˈneɪblz]
美[ɪˈneɪblz]
使能够;使有机会;使成为可能;使可行;使实现;enable的第三人称单数"
warning	180	"英[ˈwɔːnɪŋ]
美[ˈwɔːrnɪŋ]
警告，警示;先兆;警告，警戒;提醒注意;使警惕;劝告;警告;告诫;warn的现在分词;警告的;告诫的;引以为戒的"
description	180	"英[dɪˈskrɪpʃn]
美[dɪˈskrɪpʃn]
描写;形容;说明;类型"
expense	180	"英[ɪkˈspens]
美[ɪkˈspens]
费用;价钱;花钱的东西;开销;开支;花费;向…收取费用;把…作为开支勾销"
suggesting	180	"英[səˈdʒestɪŋ]
美[səˈdʒestɪŋ]
建议;提议;推荐;举荐;使想到;使认为;表明;suggest的现在分词"
pass	180	"英[pɑːs]
美[pæs]
通过;走过;沿某方向前进;向某方向移动;使沿移动;使达到;及格;合格;通行证;车票;乘车证;传球"
debt	180	"英[det]
美[det]
借款;欠款;债务;负债情况;人情债;情义;恩情"
precious	180	"英[ˈpreʃəs]
美[ˈpreʃəs]
珍奇的;珍稀的;宝贵的;珍贵的;受珍爱的;被珍惜的;强调极少或太少"
recognized	180	"英[ˈrekəɡnaɪzd]
美[ˈrekəɡnaɪzd]
认识;认出;辨别出;承认;意识到;认可，接受，赞成;recognize的过去分词和过去式"
apparent	180	"英[əˈpærənt]
美[əˈpærənt]
显而易见;明白易懂;显然;貌似的;表面上的;未必真实的"
element	180	"英[ˈelɪmənt]
美[ˈelɪmənt]
要素;基本部分;典型部分;少量;有点;有些;一组，一群，一伙"
names	180	"英[neɪmz]
美[neɪmz]
名字;名称;名誉;名声;名气;有…名称的;以…著名的;有…名声的;命名;给…取名;说出…的名称;叫出…的名字;确定;说定;准确陈述;name的第三人称单数和复数"
ownership	180	"英[ˈəʊnəʃɪp]
美[ˈoʊnərʃɪp]
所有权;产权;物主身份"
historians	180	"英[hɪsˈtɔːrɪənz]
美[hɪˈstɔriənz]
史学工作者;历史学家;historian的复数"
adulthood	180	"英[ˈædʌlthʊd]
美[əˈdʌlthʊd]
成年"
anxiety	180	"英[æŋˈzaɪəti]
美[æŋˈzaɪəti]
焦虑;忧虑;担心;害怕;渴望"
talented	180	"英[ˈtæləntɪd]
美[ˈtæləntɪd]
有才能的;天才的;有才干的"
brief	180	"英[briːf]
美[briːf]
短时间的;短暂的;简洁的;简单的;过短的;暴露身体的;任务简介;指示;案情摘要;委托辩护;辩护状;给指示;向介绍情况;向提供案情摘要"
regulations	180	"英[ˌrɛgjʊˈleɪʃənz]
美[ˌrɛgjəˈleɪʃənz]
章程;规章制度;规则;法规;管理，控制;regulation的复数"
virginia	180	"英[]
美[vərˈdʒɪnyə]
弗吉尼亚州；“弗吉尼亚”级核动力巡洋舰"
wishes	180	"英[ˈwɪʃɪz]
美[ˈwɪʃɪz]
希望发生;怀着愿望;希望;想要;盼望;企求;愿望;想要的东西;希望的事;愿;心愿;wish的第三人称单数和复数"
note	180	"英[nəʊt]
美[noʊt]
笔记;记录;短笺;便条;注释;按语;批注;注意;留意;指出;特别提到"
payments	180	"英[ˈpeɪmənts]
美[ˈpeɪmənts]
付款;支付;收款;款额，款项;报答;报偿;payment的复数"
describing	180	"英[dɪˈskraɪbɪŋ]
美[dɪˈskraɪbɪŋ]
描述;形容;把…称为;做…运动;画出…图形;形成…形状;describe的现在分词"
dress	180	"英[dres]
美[dres]
连衣裙;衣服;穿衣服;给穿衣服;穿…的服装;穿正式服装"
sudden	175	"英[ˈsʌdn]
美[ˈsʌdn]
突然的;忽然的;骤然的"
preference	175	"英[ˈprefrəns]
美[ˈprefrəns]
偏爱;爱好;喜爱;偏爱的事物;最喜爱的东西"
closest	175	"英[ˈkləʊsɪst]
美[ˈkloʊsəst]
接近;靠近;紧挨着;不远地;几乎;可能;亲密的;密切的;close的最高级"
fund	175	"英[fʌnd]
美[fʌnd]
基金;专款;资金;现款;数量;储备;为…提供资金;拨款给"
arrive	175	"英[əˈraɪv]
美[əˈraɪv]
到达;抵达;送达;寄到;发生;到来"
behavioral	175	"英[bɪ'heɪvjərəl]
美[bɪ'heɪvjərəl]
关于行为的"
dependent	175	"英[dɪˈpendənt]
美[dɪˈpendənt]
依靠的;依赖的;有瘾的;受…的影响;取决于;被扶养人：被赡养人：非独立生活的人;依靠者;从属物"
robots	175	"英[ˈrəʊbɒts]
美[ˈroʊˌbɑts]
机器人;交通信号灯;robot的复数"
levels	175	"英[ˈlevlz]
美[ˈlevlz]
数量，程度，浓度;标准;水平;质量;品级;层次;级别;使平坦;使平整;摧毁，夷平;使相等;使平等;使相似;level的第三人称单数和复数"
understood	175	"英[ˌʌndəˈstʊd]
美[ˌʌndərˈstʊd]
懂;理解;领会;了解;认识到;明了;谅解;体谅;understand的过去分词和过去式"
nervous	175	"英[ˈnɜːvəs]
美[ˈnɜːrvəs]
焦虑的;担忧的;惶恐的;神经质的;易紧张焦虑的;胆怯的;神经系统的"
cigarette	175	"英[ˌsɪɡəˈret]
美[ˈsɪɡəret]
香烟;纸烟;卷烟"
strength	175	"英[streŋθ]
美[streŋθ]
体力;力气;力量;强度;毅力;坚强决心;意志力量"
athletes	175	"英[ˈæθliːts]
美[ˈæˌθlits]
运动员;田径运动员;擅长运动的人;健儿;athlete的复数"
break	175	"英[breɪk]
美[breɪk]
破，裂，碎;弄坏;损坏;坏掉;弄破;使流血;间歇;休息;课间休息;间断;暂停"
passengers	175	"英[ˈpæsɪndʒəz]
美[ˈpæsəndʒərz]
乘客;旅客;白吃饭的人;闲散人员;passenger的复数"
studying	175	"英[ˈstʌdiɪŋ]
美[ˈstʌdiɪŋ]
学习;攻读;审视;端详;细看;研究;调查;study的现在分词"
contest	175	"英[ˈkɒntest , kənˈtest]
美[ˈkɑːntest , kənˈtest]
比赛;竞赛;争夺，竞争;争取赢得;争辩;就…提出异议"
dramatically	175	"英[drəˈmætɪk(ə)li]
美[drə'mætɪkli]
戏剧地;显著地"
contact	175	"英[ˈkɒntækt]
美[ˈkɑːntækt]
联系，联络;触摸;接触;遇见;碰上"
feed	175	"英[fiːd]
美[fiːd]
给食物;喂养;饲养;进食;养，养活;一次喂奶，一餐;一次喂给的饲料;动物的饲料;植物的肥料;进料;fee的过去分词和过去式"
eat	175	"英[iːt]
美[iːt]
吃;吃饭;用餐"
worthy	175	"英[ˈwɜːði]
美[ˈwɜːrði]
值得…的;值得尊敬的;值得注意的;值得敬仰的;有价值的;要人;大人物;知名人士"
perfect	175	"英[ˈpɜːfɪkt , pəˈfekt]
美[ˈpɜːrfɪkt , pərˈfekt]
完备的;完美的;完全的;完全正确的;准确的;地道的;优秀的;最佳的;使完善;使完美;使完备;完成时"
authorities	175	"英[ɔːˈθɒrɪtiz]
美[əˈθɔrətiz]
权力;威权;当权;权;职权;批准;授权;authority的复数"
match	175	"英[mætʃ]
美[mætʃ]
火柴;比赛;竞赛;敌手;旗鼓相当的人;般配;相配;相同;相似;相一致;找相称的人;配对"
damage	175	"英[ˈdæmɪdʒ]
美[ˈdæmɪdʒ]
损坏，破坏，损失;损害;伤害;损害赔偿金;毁坏;破坏"
regions	175	"英[ˈriːdʒənz]
美[ˈridʒənz]
地区，区域，地方;行政区;全部地区，所有区域;region的复数"
follows	175	"英[ˈfɒləʊz]
美[ˈfɑːloʊz]
跟随;跟着;在…后发生，因…而发生;在…后做;follow的第三人称单数"
push	175	"英[pʊʃ]
美[pʊʃ]
推动;移动;推进;挤开;促使;推;搡;进攻;攻势;挺进;矢志的追求;坚定的努力"
topic	175	"英[ˈtɒpɪk]
美[ˈtɑːpɪk]
话题;题目;标题"
involve	175	"英[ɪnˈvɒlv]
美[ɪnˈvɑːlv]
包含;需要;使成为必然部分;牵涉;牵连;影响;参加，加入"
pushed	175	"英[pʊʃt]
美[pʊʃt]
有困难;难于;有难处;短缺;缺乏;忙碌;推动;移动;推进;挤开;促使;push的过去分词和过去式"
nine	175	"英[naɪn]
美[naɪn]
九"
confused	175	"英[kənˈfjuːzd]
美[kənˈfjuːzd]
糊涂的;迷惑的;不清楚的;混乱的;难懂的;使糊涂;使迷惑;混淆，混同;使更难于理解;confuse的过去分词和过去式"
target	175	"英[ˈtɑːɡɪt]
美[ˈtɑːrɡɪt]
目标;指标;目标，对象;靶;靶子;把…作为攻击目标;把…作为批评的对象;面向，把…对准"
campaign	175	"英[kæmˈpeɪn]
美[kæmˈpeɪn]
运动;战役;参加运动，领导运动"
creating	175	"英[kriˈeɪtɪŋ]
美[kriˈeɪtɪŋ]
创造;创作;创建;造成，引起，产生;授予;册封;create的现在分词"
advances	175	"英[ədˈvɑːnsɪz]
美[ədˈvænsɪz]
前进，行进;进步;进展;预付款;发展，进步;促进;推动;advance的第三人称单数和复数"
closely	175	"英[ˈkləʊsli]
美[ˈkloʊsli]
精密地；紧密地；严密地；仔细地；接近地"
complementary	175	"英[ˌkɒmplɪˈmentri]
美[ˌkɑːmplɪˈmentri]
互补的;补充的;相互补足的"
carrying	175	"英[ˈkæriɪŋ]
美[ˈkæriɪŋ]
拿;提;搬;扛;背;抱;运送;携带;佩戴;输送，传输，传送;carry的现在分词"
formerly	175	"英[ˈfɔːməli]
美[ˈfɔːrmərli]
以前;从前"
editor	175	"英[ˈedɪtə(r)]
美[ˈedɪtər]
主编，编辑;编辑，校订者，审校者;剪辑员，剪接师"
recovery	175	"英[rɪˈkʌvəri]
美[rɪˈkʌvəri]
恢复;痊愈;改善;回升;复苏;取回;收回;复得"
fault	175	"英[fɔːlt]
美[fɔːlt]
责任;过错;过失;弱点;缺点;缺陷;毛病;故障;发现错误;找出缺点"
inside	175	"英[ˌɪnˈsaɪd]
美[ˌɪnˈsaɪd]
在…内;在…里;少于;在里面;在监狱里;被监禁;里面;内部;内侧;慢车道;内侧，里道，内圈;内部的;里面的;从内部了解到的;内线干的"
oxygen	175	"英[ˈɒksɪdʒən]
美[ˈɑːksɪdʒən]
氧;氧气"
remark	175	"英[rɪˈmɑːk]
美[rɪˈmɑːrk]
谈论;言论;评述;引人注目;显耀;说起;评论"
pages	175	"英[ˈpeɪdʒɪz]
美[ˈpeɪdʒɪz]
页，面，张，版;页面，版面;历史篇章，历史篇页;呼叫;用传呼机传呼;page的第三人称单数和复数"
prediction	175	"英[prɪˈdɪkʃn]
美[prɪˈdɪkʃn]
预言;预测;预告"
implied	175	"英[ɪmˈplaɪd]
美[ɪmˈplaɪd]
含有…的意思;暗示;暗指;说明;表明;必然包含;使有必要;imply的过去分词和过去式"
generate	175	"英[ˈdʒenəreɪt]
美[ˈdʒenəreɪt]
产生;引起"
biology	175	"英[baɪˈɒlədʒi]
美[baɪˈɑːlədʒi]
生物学;生理"
arrival	175	"英[əˈraɪvl]
美[əˈraɪvl]
到达;抵达;到达者;抵达物;引进，采用，推行"
accessible	175	"英[əkˈsesəbl]
美[əkˈsesəbl]
可到达的;可接近的;可进入的;可使用的;可见到的;容易理解的;易懂的;易接近的;易相处的;易打交道的"
stands	175	"英[stændz]
美[stændz]
站立;立;直立;站起来;起立;使直立;竖放;使站立;态度;立场;观点;保卫;捍卫;维护;抵抗;货摊;售货亭;stand的第三人称单数和复数"
communities	175	"英[kəˈmjuːnɪtiz]
美[kəmˈjunətiz]
社区;社会;团体;社团;界;共享;共有;community的复数"
wisdom	175	"英[ˈwɪzdəm]
美[ˈwɪzdəm]
智慧;才智;精明;明智;知识，学问"
appoint	175	"英[əˈpɔɪnt]
美[əˈpɔɪnt]
任命;委任;安排，确定"
destroyed	175	"英[dɪˈstrɔɪd]
美[dɪˈstrɔɪd]
摧毁;毁灭;破坏;杀死，消灭，人道毁灭;destroy的过去分词和过去式"
stations	175	"英[ˈsteɪʃnz]
美[ˈsteɪʃnz]
火车站;公共汽车站;长途汽车站;站;所;局;派驻;使驻扎;到某处站;把…安置到;station的第三人称单数和复数"
concepts	175	"英[ˈkɒnsɛpts]
美[ˈkɑnsɛpts]
概念;观念;concept的复数"
actor	175	"英[ˈæktə(r)]
美[ˈæktər]
演员"
primitive	175	"英[ˈprɪmətɪv]
美[ˈprɪmətɪv]
原始的;远古的;人类或动物发展早期的;发展水平低的;落后的;文艺复兴前的艺术家;原始派画家"
fears	175	"英[fɪəz]
美[fɪrz]
害怕;畏惧;惧怕;担心;担忧;恐怕;fear的第三人称单数"
describes	175	"英[dɪˈskraɪbz]
美[dɪˈskraɪbz]
描述;形容;把…称为;做…运动;画出…图形;形成…形状;describe的第三人称单数"
compensate	175	"英[ˈkɒmpenseɪt]
美[ˈkɑːmpenseɪt]
补偿;弥补;给赔偿"
confusing	175	"英[kənˈfjuːzɪŋ]
美[kənˈfjuːzɪŋ]
难以理解的;不清楚的;使糊涂;使迷惑;混淆，混同;使更难于理解;confuse的现在分词"
annual	175	"英[ˈænjuəl]
美[ˈænjuəl]
每年的;一年一次的;年度的;一年的;年刊;年报;年鉴;一年生植物;一季生植物"
boss	175	"英[bɒs]
美[bɔːs]
老板;工头;领班;总经理;领导;对发号施令;很好的"
rough	175	"英[rʌf]
美[rʌf]
粗糙的;不平滑的;高低不平的;不确切的;粗略的;大致的;粗暴的;粗野的;猛烈的;长草区;草稿;草图;暴徒;粗野的人;粗暴地对待;使粗糙;草拟;粗鲁地;粗野地"
denied	175	"英[dɪˈnaɪd]
美[dɪˈnaɪd]
否认;否定;拒绝承认;拒绝接受;拒绝;拒绝给予;deny的过去分词和过去式"
obtained	175	"英[əbˈteɪnd]
美[əbˈteɪnd]
获得，赢得;存在;流行;沿袭;obtain的过去分词和过去式"
independently	175	"英[ˌɪndɪ'pendəntlɪ]
美[ˌɪndɪˈpɛndəntlɪ]
独立地；自立地;无关地"
code	174	"英[kəʊd]
美[koʊd]
密码;暗码;电码;代码;编码;道德准则;行为规范;为…编码;把…译成密码;编程序"
library	174	"英[ˈlaɪbrəri]
美[ˈlaɪbreri]
图书馆;藏书楼;图书室;资料室;个人收藏"
wise	169	"英[waɪz]
美[waɪz]
充满智慧的;明智的;英明的;明察善断的;高明的;有判断力的;了解;使知道;教导"
assigned	169	"英[əˈsaɪnd]
美[əˈsaɪnd]
分配;分派，布置;指定;指派;委派;派遣;assign的过去分词和过去式"
fiction	169	"英[ˈfɪkʃn]
美[ˈfɪkʃn]
小说;虚构的事;假想之物"
kill	169	"英[kɪl]
美[kɪl]
杀死;弄死;导致死亡;毁灭;破坏;扼杀;使停止;使痛苦;使疼痛;使受折磨;杀死，捕杀;被捕杀的动物;猎物"
amounts	169	"英[əˈmaʊnts]
美[əˈmaʊnts]
金额;数量;数额;合计，共计;等同，接近;amount的第三人称单数和复数"
technologies	169	"英[tɛkˈnɒlədʒiz]
美[tɛkˈnɑlədʒiz]
科技;工艺;工程技术;技术学;工艺学;技术性机器;technology的复数"
voice	169	"英[vɔɪs]
美[vɔɪs]
嗓音;说话声;歌唱声;有…嗓音的;嗓音…的;发言权;发表意见的权利;影响;表示，表达，吐露;发浊音;发嗓音"
escape	169	"英[ɪˈskeɪp]
美[ɪˈskeɪp]
逃跑，逃走，逃出;逃脱，摆脱，逃避;避开，避免;逃跑;逃脱;逃避;逃避现实;解脱;消遣;漏出，逸出，渗出"
perceive	169	"英[pəˈsiːv]
美[pərˈsiːv]
注意到;意识到;察觉到;将…理解为;将…视为;认为"
delay	169	"英[dɪˈleɪ]
美[dɪˈleɪ]
延迟的时间;延期;耽搁;延误;延迟;推迟;使迟到;使耽搁;使拖延"
explosion	169	"英[ɪkˈspləʊʒn]
美[ɪkˈsploʊʒn]
爆炸，爆破，爆裂;突增;猛增;激增;突然爆发，迸发"
cent	169	"英[sent]
美[sent]
分(辅币单位，相当于许多国家主币面值的1%，如美元或欧元的1%);分币"
liable	169	"英[ˈlaɪəbl]
美[ˈlaɪəbl]
负有偿付责任;可能;可能受…影响"
suffer	169	"英[ˈsʌfə(r)]
美[ˈsʌfər]
受苦，受难，受折磨;遭受;蒙受;变差;变糟"
paul	169	"英[pɔ:l]
美[pɔ:l]
保罗;使徒保罗;男子名"
exposure	169	"英[ɪkˈspəʊʒə(r)]
美[ɪkˈspoʊʒər]
面临，遭受;揭露;亮相，被报道"
volume	169	"英[ˈvɒljuːm]
美[ˈvɑːljuːm]
体积;容积;容量;量;额;音量;响度"
analyze	169	"英[ˈænəlaɪz]
美[ˈænəlaɪz]
分析；研究；分解；解析"
damaged	169	"英[ˈdæmɪdʒd]
美[ˈdæmɪdʒd]
损害;伤害;毁坏;破坏;damage的过去分词和过去式"
constantly	169	"英[ˈkɒnstəntli]
美[ˈkɑːnstəntli]
始终;一直;重复不断地"
leaving	169	"英[ˈliːvɪŋ]
美[ˈliːvɪŋ]
离开;离开居住地点;遗弃;丢弃;leave的现在分词"
suspicion	169	"英[səˈspɪʃn]
美[səˈspɪʃn]
怀疑;嫌疑;感觉;看法;猜疑;不放心"
predict	169	"英[prɪˈdɪkt]
美[prɪˈdɪkt]
预言;预告;预报"
influential	169	"英[ˌɪnfluˈenʃl]
美[ˌɪnfluˈenʃl]
有很大影响的;有支配力的"
monkey	169	"英[ˈmʌŋki]
美[ˈmʌŋki]
猴子;顽皮的孩子;调皮鬼;捣蛋鬼;500英镑;胡闹;捣蛋嘲弄"
reducing	169	"英[rɪˈdjuːsɪŋ]
美[rɪˈduːsɪŋ]
减少，缩小;蒸发;减轻体重;节食;reduce的现在分词"
sample	169	"英[ˈsɑːmpl]
美[ˈsæmpl]
样本，样品;取样，样本，样;样品，货样;尝;品尝;尝试;体验;抽样检验;取样;采样;节录，选录"
counterparts	169	"英[ˈkaʊntəpɑːts]
美[ˈkaʊntərˌpɑrts]
职位相当的人;对应的事物;counterpart的复数"
pretty	169	"英[ˈprɪti]
美[ˈprɪti]
颇;相当;十分;非常;极;很;漂亮的;标致的;妩媚的;动人的;赏心悦目的;动听的;美观的;精致的;漂亮的人"
specialization	169	"英[ˌspeʃəlaɪ'zeɪʃ(ə)n]
美[ˌspeʃ(ə)lɪ'zeɪʃ(ə)n]
专门化;特化"
surely	169	"英[ˈʃʊəli]
美[ˈʃʊrli]
想必;用于否定句，表示难以置信;无疑;必定"
courses	169	"英[ˈkɔːsɪz]
美[ˈkɔːrsɪz]
课程，讲座;课程;航向，航线;快速地流动;奔流;course的第三人称单数和复数"
emotions	169	"英[ɪˈməʊʃənz]
美[ɪˈmoʊʃənz]
强烈的感情;激情;情感;情绪;emotion的复数"
greek	169	"英[ɡriːk]
美[ɡriːk]
希腊人;古希腊人;希腊语;学生联谊会会员，女生联谊会会员"
parallel	169	"英[ˈpærəlel]
美[ˈpærəlel]
平行的;极相似的;同时发生的;相应的;对应的;并行的;极其相似的人;相似特征;相似特点;纬线，纬圈;与…相似;与…同时发生;与…媲美;比得上;平行地，并列地"
table	169	"英[ˈteɪbl]
美[ˈteɪbl]
桌子;台子;几;一桌人;表;一览表;提出，把…列入议事日程;搁置"
threatened	169	"英[ˈθretnd]
美[ˈθretnd]
受到威胁的;感到危险的;扬言要;威胁;恐吓;预示凶兆;有…危险;危及;对…构成威胁;threaten的过去分词和过去式"
named	169	"英[neɪmd]
美[neɪmd]
命名;给…取名;说出…的名称;叫出…的名字;确定;说定;准确陈述;name的过去分词和过去式"
miss	169	"英[mɪs]
美[mɪs]
未击中;未得到;未达到;错过;未见到;未听到;未觉察;不理解;不懂;小姐，女士;小姐"
sb	169	"英[]
美[]
Solomon Islands 所罗门群岛"
promoting	169	"英[prəˈməʊtɪŋ]
美[prəˈmoʊtɪŋ]
促进;推动;促销;推销;提升;晋升;promote的现在分词"
marriage	169	"英[ˈmærɪdʒ]
美[ˈmærɪdʒ]
结婚;婚姻;婚姻生活;已婚状态;婚礼"
planned	169	"英[plænd]
美[plænd]
精心安排;计划;谋划;打算;期待;设计;安排;组织;策划;plan的过去分词和过去式"
collapsed	169	"英[kəˈlæpst]
美[kəˈlæpst]
倒塌，坍塌;倒下，昏倒，晕倒;坐下，躺下放松;collapse的过去分词和过去式"
establish	169	"英[ɪˈstæblɪʃ]
美[ɪˈstæblɪʃ]
建立;创立;设立;确立;使立足;使稳固"
operations	169	"英[ɒpəˈreɪʃnz]
美[ɑːpəˈreɪʃnz]
手术;活动，行动;企业，公司;operation的复数"
select	169	"英[sɪˈlekt]
美[sɪˈlekt]
选择;挑选;选拔;选定;选择，选取;精选的;作为…精华的;优等的;有钱、有社会地位的人使用的"
extend	169	"英[ɪkˈstend]
美[ɪkˈstend]
使伸长;扩大;扩展;延长;使延期;扩大…的范围"
factory	169	"英[ˈfæktri]
美[ˈfæktri]
工厂;制造厂"
japanese	169	"英[ˌdʒæpəˈniːz]
美[ˌdʒæpəˈniːz]
日本人;日语;日本的;日本人的;日语的;日本文化的"
chosen	169	"英[ˈtʃəʊzn]
美[ˈtʃoʊzn]
选择;挑选;选取;宁愿;情愿;决定;choose的过去分词"
contents	169	"英[kənˈtents]
美[kənˈtents]
所容纳之物;所含之物;内容;目录，目次;主题，主要内容;满足;满意;知足;使满意;使满足;content的第三人称单数和复数"
advocate	169	"英[ˈædvəkeɪt , ˈædvəkət]
美[ˈædvəkeɪt , ˈædvəkət]
拥护;支持;提倡;拥护者;支持者;提倡者;辩护律师;出庭辩护人"
charge	169	"英[tʃɑːdʒ]
美[tʃɑːrdʒ]
要价，收费;指控;控告;指责;谴责;收;要价;把…记在账上;在某人账上记入;起诉"
mathematical	169	"英[ˌmæθəˈmætɪkl]
美[ˌmæθəˈmætɪkl]
数学的;数学的;运算能力强的"
mobile	169	"英[ˈməʊbaɪl]
美[ˈmoʊbl]
非固定的;可移动的;行动方便;腿脚灵便;易于变换社会阶层的;流动的;风铃;悬挂饰物"
lighting	169	"英[ˈlaɪtɪŋ]
美[ˈlaɪtɪŋ]
照明;灯光;布光;点燃;点火;开始燃烧;燃起来;照亮;使明亮;light的现在分词"
factor	169	"英[ˈfæktə(r)]
美[ˈfæktər]
因素;要素;因子;因数;数量，倍数;把…因素包括进去;分解…的因子，将…分解成因子;以代理商的身份行事;做代理商"
smith	169	"英[smɪθ]
美[smɪθ]
史密斯;铁匠;金属工匠"
soccer	169	"英[ˈsɒkə(r)]
美[ˈsɑːkər]
足球"
excess	169	"英[ɪkˈses , ˈekses]
美[ɪkˈses , ˈekses]
超过;过度;过分;过多的量;超过的量;免赔额;自负额;超额的;额外的;附加的;过度的"
deeper	169	"英[ˈdiːpə]
美[ˈdipər]
深深地;在深处;至深处;深的;厚的;纵深的;宽的;有…深的;deep的比较级"
driver	169	"英[ˈdraɪvə(r)]
美[ˈdraɪvər]
驾驶员;司机;驾车者;球杆;驱动程序"
economist	164	"英[ɪˈkɒnəmɪst]
美[ɪˈkɑːnəmɪst]
经济学家;经济专家"
stick	164	"英[stɪk]
美[stɪk]
将…刺入;刺;戳;插入;粘贴;粘住;放置;枝条;枯枝;柴火棍儿;球棍;条状物;棍状物"
rare	164	"英[reə(r)]
美[rer]
稀少的;稀罕的;珍贵的;半熟的;半生的"
vs	164	"英[]
美[ˈvɜrsəz]
〈英(=veterinary surgeon)兽医"
overseas	164	"英[ˌəʊvəˈsiːz]
美[ˌoʊvərˈsiːz]
外国的;海外的;在国外;在海外"
illustrate	164	"英[ˈɪləstreɪt]
美[ˈɪləstreɪt]
加插图于;给做图表;说明，解释;表明…真实;显示…存在"
branch	164	"英[brɑːntʃ]
美[bræntʃ]
树枝;分支;分部;分行;分店;政府部门;分支机构;分开;分岔"
associated	164	"英[əˈsəʊsieɪtɪd]
美[əˈsoʊsieɪtɪd]
有关联的;相关的;有联系的;联合的;联想;联系;交往;混在一起;表明支持;表示同意;associate的过去分词和过去式"
dealing	164	"英[ˈdiːlɪŋ]
美[ˈdiːlɪŋ]
活动，往来;经营作风;经营方式;买卖;交易;发牌;非法买卖毒品;贩毒;deal的现在分词"
belt	164	"英[belt]
美[belt]
腰带;皮带;传送带;传动带;地带;地区;猛击;狠打;飞奔;飞驰;用带系住"
seldom	164	"英[ˈseldəm]
美[ˈseldəm]
不常;很少;难得"
earned	164	"英[ɜːnd]
美[ɜːrnd]
挣得;赚得;挣钱;生;获;应得;博得;赢得;earn的过去分词和过去式"
tries	164	"英[traɪz]
美[traɪz]
试图;想要;设法;努力;试;试用;试做;试验;审理;审讯;审判;try的第三人称单数"
focusing	164	"英[ˈfəʊkəsɪŋ]
美[ˈfoʊkəsɪŋ]
集中;调节焦距;聚焦;focus的现在分词"
urban	164	"英[ˈɜːbən]
美[ˈɜːrbən]
城市的;都市的;城镇的"
curious	164	"英[ˈkjʊəriəs]
美[ˈkjʊriəs]
求知欲强的;好奇的;稀奇古怪;奇特;不寻常"
genetically	164	"英[dʒə'netɪklɪ]
美[dʒə'nɛtɪklɪ]
遗传上地"
guess	164	"英[ɡes]
美[ɡes]
猜测;估计;猜对;猜中;猜到;想;以为;猜想"
employee	164	"英[ɪmˈplɔɪiː]
美[ɪmˈplɔɪiː]
受雇者;雇工;雇员"
utopia	164	"英[juːˈtəʊpiə]
美[juːˈtoʊpiə]
乌托邦;空想的完美境界"
objective	164	"英[əbˈdʒektɪv]
美[əbˈdʒektɪv]
目标;目的;物镜;客观的;就事论事的;不带个人感情的;客观存在的;基于事实的;宾格的"
dedicated	164	"英[ˈdedɪkeɪtɪd]
美[ˈdedɪkeɪtɪd]
献身的：专心致志的;一心一意的;专用的;专门用途的;把…奉献给;题献词;为…举行奉献典礼;为举行落成典礼;dedicate的过去分词和过去式"
department	164	"英[dɪˈpɑːtmənt]
美[dɪˈpɑːrtmənt]
部;司;局;处;系;科;部门"
handle	164	"英[ˈhændl]
美[ˈhændl]
处理，应付;触，拿，搬动;控制，操纵;把手;拉手;柄;把;提梁;有…个柄的;有…柄的"
tasks	164	"英[tɑːsks]
美[tæsks]
任务，工作;活动;交给某人;派给某人;task的第三人称单数和复数"
employed	164	"英[ɪmˈplɔɪd]
美[ɪmˈplɔɪd]
雇用;应用;运用;使用;employ的过去分词和过去式"
readily	164	"英[ˈredɪli]
美[ˈredɪli]
快捷地;轻而易举地;便利地;欣然地;乐意地"
creates	164	"英[kriˈeɪts]
美[kriˈeɪts]
创造;创作;创建;造成，引起，产生;授予;册封;create的第三人称单数"
functioning	164	"英[ˈfʌŋkʃnɪŋ]
美[ˈfʌŋkʃnɪŋ]
起作用;正常工作;运转;function的现在分词"
spoken	164	"英[ˈspəʊkən]
美[ˈspoʊkən]
说话…的;谈;谈话;交谈;说话;讲话;提起;讲述;speak的过去分词"
wife	164	"英[waɪf]
美[waɪf]
妻子;太太;夫人;已婚妇女"
attached	164	"英[əˈtætʃt]
美[əˈtætʃt]
依恋;爱慕;附属于;为…工作;所附的;把…固定，把…附;认为有重要性;重视;参加，和…在一起，缠着;attach的过去分词和过去式"
productive	164	"英[prəˈdʌktɪv]
美[prəˈdʌktɪv]
生产的;多产的;有效益的;富有成效的;引起;导致;唤起"
interaction	164	"英[ˌɪntərˈækʃən]
美[ˌɪntəˈrækʃən]
相互影响；交互作用；交相感应；干扰"
nurses	164	"英[ˈnɜːsɪz]
美[ˈnɜːrsɪz]
护士;女保育员，保姆，女仆;看护，照料;调治，调养;怀抱;怀有;心藏;nurse的第三人称单数和复数"
weak	164	"英[wiːk]
美[wiːk]
虚弱的;无力的;不牢固的;易损坏的;易破的;易受影响的;懦弱的;软弱无力的"
clothes	164	"英[kləʊðz]
美[kloʊðz]
衣服;服装;给…穿衣;为提供衣服;clothe的第三人称单数"
imagination	164	"英[ɪˌmædʒɪˈneɪʃn]
美[ɪˌmædʒɪˈneɪʃn]
想象力;想象;想象的事物;幻想物;创造力;创作力"
smart	164	"英[smɑːt]
美[smɑːrt]
衣冠楚楚的;衣着讲究的;整洁而漂亮的;光鲜的;聪明的;机敏的;精明的;感到剧烈刺痛;难过，烦恼;创伤;刺痛;疼痛;痛苦"
surrounded	164	"英[səˈraʊndɪd]
美[səˈraʊndɪd]
围绕;环绕;包围，围住;与…紧密相关;surround的过去分词和过去式"
concentration	164	"英[ˌkɒnsnˈtreɪʃn]
美[ˌkɑːnsnˈtreɪʃn]
专心;专注;关注;重视;集中;聚集"
soil	164	"英[sɔɪl]
美[sɔɪl]
土壤;国土;领土;土地;弄脏"
practically	164	"英[ˈpræktɪkli]
美[ˈpræktɪkli]
几乎;差不多;很接近;实事求是地;实际地"
gender	164	"英[ˈdʒendə(r)]
美[ˈdʒendər]
性别;性"
persuade	164	"英[pəˈsweɪd]
美[pərˈsweɪd]
劝说;说服;使信服;使相信"
treated	164	"英[ˈtriːtɪd]
美[ˈtriːtɪd]
以…态度对待;以…方式对待;把…看作;把…视为;处理;讨论;treat的过去分词和过去式"
corporation	164	"英[ˌkɔːpəˈreɪʃn]
美[ˌkɔːrpəˈreɪʃn]
公司;法人;法人团体;市政委员会"
catching	164	"英[ˈkætʃɪŋ]
美[ˈkætʃɪŋ]
有传染性;有感染力;接住;截住;拦住;接;抓住;握住;catch的现在分词"
sick	164	"英[sɪk]
美[sɪk]
生病的，有病的;想呕吐;恶心;晕船;晕机;晕车;呕吐物;病人;使狗去咬;呕吐;追击"
minds	164	"英[maɪndz]
美[maɪndz]
头脑;大脑;思考能力;智慧;思维方式;聪明人;富有才智的人;对烦恼，苦恼，焦虑;介意;不关心;不在意;不考虑;mind的第三人称单数和复数"
warming	163	"英[ˈwɔːmɪŋ]
美[ˈwɔːrmɪŋ]
加温;温暖;暖和;变暖;温暖，变暖和;变得更友好，变得更温情;warm的现在分词;准备动作的，热身的"
criminal	163	"英[ˈkrɪmɪnl]
美[ˈkrɪmɪnl]
犯罪的;犯法的;涉及犯罪的;刑法的;刑事的;道德上错误的;不道德的;罪犯"
smell	163	"英[smel]
美[smel]
有…气味;闻到，嗅到;闻，嗅;气味;难闻的气味;臭味;嗅觉"
literature	163	"英[ˈlɪtrətʃə(r)]
美[ˈlɪtrətʃər]
文学;文学作品;文献，著作，资料"
machinery	158	"英[məˈʃiːnəri]
美[məˈʃiːnəri]
机器;大型机器;机器的运转部分;机械装置;组织;机构;系统;体制"
consequence	158	"英[ˈkɒnsɪkwəns]
美[ˈkɑːnsɪkwens]
结果;后果;重要性"
ancient	158	"英[ˈeɪnʃənt]
美[ˈeɪnʃənt]
古代的;古老的;很老的;古代人;古文明国的国民;<古>高龄老人;<古>旗手"
admired	158	"英[ədˈmaɪəd]
美[ədˈmaɪərd]
钦佩;赞赏;仰慕;欣赏;admire的过去分词和过去式"
spite	158	"英[spaɪt]
美[spaɪt]
恶意;怨恨;故意使烦恼;存心使苦恼"
boom	158	"英[buːm]
美[buːm]
激增，繁荣;突然风靡的时期;帆桁;轰鸣;轰响;以低沉有力的声音说;迅速发展;激增;繁荣昌盛"
corporations	158	"英[ˌkɔːpəˈreɪʃənz]
美[ˌkɔrpəˈreɪʃənz]
公司;法人;法人团体;市政委员会;corporation的复数"
occurred	158	"英[əˈkɜːd]
美[əˈkɜːrd]
发生;出现;存在于;出现在;occur的过去分词和过去式"
son	158	"英[sʌn]
美[sʌn]
儿子;孩子;男性成员，子孙"
length	158	"英[leŋθ]
美[leŋθ]
长;长度;时间的长短;篇幅;片长"
wake	158	"英[weɪk]
美[weɪk]
醒;醒来;唤醒;弄醒;唤起;使再次感觉到;守夜;守灵;尾流，航迹"
connection	158	"英[kəˈnekʃn]
美[kəˈnekʃn]
联系，关联;联结;接通;连接;连接点;接头"
distinction	158	"英[dɪˈstɪŋkʃn]
美[dɪˈstɪŋkʃn]
差别;区别;对比;优秀;杰出;卓越;特质;特点;不同凡响"
eye	158	"英[aɪ]
美[aɪ]
眼睛;有…眼睛的;有…只眼的;视力;眼力;注视;审视;细看"
meanwhile	158	"英[ˈmiːnwaɪl]
美[ˈmiːnwaɪl]
同时;与此同时;其间;对比之下;其时，其间"
seek	158	"英[siːk]
美[siːk]
寻找;寻求;谋求;争取;请求"
indian	158	"英[ˈɪndiən]
美[ˈɪndiən]
印度人;加拿大土著;加拿大印第安人;印度的;印第安人的"
enter	158	"英[ˈentə(r)]
美[ˈentər]
进来;进去;进入;成为…的一员;加入;开始从事;开始参加;开始进入;着手进行"
incomes	158	"英[ˈɪnkʌmz]
美[ˈɪnˌkʌmz]
收入;收益;所得;income的复数"
flight	158	"英[flaɪt]
美[flaɪt]
空中航行，航程;航班飞机;班机;飞行;飞翔;使在空中飞行"
civilization	158	"英[ˌsɪvəlaɪˈzeɪʃn]
美[ˌsɪvələˈzeɪʃn]
文明;社会文明;文明世界;文明社会"
consequently	158	"英[ˈkɒnsɪkwəntli]
美[ˈkɑːnsɪkwentli]
因此;所以"
laughter	158	"英[ˈlɑːftə(r)]
美[ˈlæftər]
笑;笑声"
recommend	158	"英[ˌrekəˈmend]
美[ˌrekəˈmend]
推荐;举荐;介绍;劝告;建议;使显得吸引人;使受欢迎"
sending	158	"英[ˈsendɪŋ]
美[ˈsendɪŋ]
邮寄;发送;传达;转致;告知;派遣;打发;安排去;send的现在分词"
limits	158	"英[ˈlɪmɪts]
美[ˈlɪmɪts]
限度;限制;极限;限量;限额;境界，界限，范围;限定;减量;limit的第三人称单数和复数"
subtle	158	"英[ˈsʌtl]
美[ˈsʌtl]
不易察觉的;不明显的;微妙的;机智的;机巧的;狡猾的;巧妙的"
finished	158	"英[ˈfɪnɪʃt]
美[ˈfɪnɪʃt]
完成;不再与…打交道;垮台;失败;完蛋;完成了的;做好;结束;吃完，喝光，用尽;finish的过去分词和过去式"
peoples	158	"英[ˈpiːplz]
美[ˈpiːplz]
人;人们;大家;人民，国民;民族;种族;居住在;把…挤满人;住满居民;people的第三人称单数和复数"
frustration	158	"英[frʌˈstreɪʃn]
美[frʌˈstreɪʃn]
懊丧;懊恼;沮丧;令人懊丧的事物;受阻;受挫;阻止;挫败"
settled	158	"英[ˈsetld]
美[ˈsetld]
不大可能变动的;稳定的;舒适自在的;习惯的;结束;解决;决定，确定，安排好;定居;settle的过去分词和过去式"
mankind	158	"英[mænˈkaɪnd]
美[mænˈkaɪnd]
人类"
restaurants	158	"英[ˈrɛstrɒnts]
美[ˈrɛstəˌrɑnts]
餐馆;餐厅;restaurant的复数"
genetic	158	"英[dʒəˈnetɪk]
美[dʒəˈnetɪk]
基因的;遗传学的"
sold	158	"英[səʊld]
美[soʊld]
出让;转让;出售;售卖;销售得…;卖出…;售价是…;sell的过去分词和过去式"
radically	158	"英['rædɪkli]
美[ˈrædɪkli]
根本地;彻底地"
happening	158	"英[ˈhæpənɪŋ]
美[ˈhæpənɪŋ]
事件;发生的事情;即兴艺术表演;热闹的;时髦的;发生，出现;出现，发生;碰巧;恰好;happen的现在分词"
adjust	158	"英[əˈdʒʌst]
美[əˈdʒʌst]
调整;调节;适应;习惯;整理"
canada	158	"英[ˈkænədə]
美[ˈkænədə]
加拿大;缩写词为Ca，CA"
executives	158	"英[ɪgˈzɛkjʊtɪvz]
美[ɪgˈzɛkjətɪvz]
经理，主管领导，管理人员;行政领导，领导层;行政部门;executive的复数"
careers	158	"英[kəˈrɪəz]
美[kəˈrɪrz]
生涯;职业;经历;事业;猛冲，疾驰，飞奔;career的第三人称单数和复数"
somehow	158	"英[ˈsʌmhaʊ]
美[ˈsʌmhaʊ]
以某种方式;由于某种未知的原因;不知为什么;不知怎么地"
parliament	158	"英[ˈpɑːləmənt]
美[ˈpɑːrləmənt]
议会;国会;英国议会;一届议会的会期;一届议会"
circulation	158	"英[ˌsɜːkjəˈleɪʃn]
美[ˌsɜːrkjəˈleɪʃn]
血液循环;传递;流传;流通;社交活动，交际"
grammar	158	"英[ˈɡræmə(r)]
美[ˈɡræmər]
语法;文法;语言知识及运用能力;语法书"
reader	158	"英[ˈriːdə(r)]
美[ˈriːdər]
读者;读书…的人;阅读量大的人;简易读物;读本"
divorce	158	"英[dɪˈvɔːs]
美[dɪˈvɔːrs]
离婚的男子;离婚;分离;脱离;与离婚;判离婚;使分离;使脱离"
harvard	158	"英[ˈhɑːvəd]
美[ˈhɑrvərd]
美国哈佛大学;哈佛（John，1607—1638，移居美国之英国牧师，为哈佛大学之主要创办人）"
fuel	158	"英[ˈfjuːəl]
美[ˈfjuːəl]
燃料;刺激性言行;给…提供燃料;给加油;增加;加强;刺激"
ideals	158	"英[aɪˈdɪəlz]
美[aɪˈdilz]
理想;看似完美的思想;完美的人;ideal的复数"
debts	158	"英[dɛts]
美[dɛts]
借款;欠款;债务;负债情况;人情债;情义;恩情;debt的复数"
legitimate	158	"英[lɪˈdʒɪtɪmət]
美[lɪˈdʒɪtɪmət]
正当合理的;合情合理的;合法的;法律认可的;法定的;合法婚姻所生的;使合法;给予合法的地位;通过法律手段给以合法地位;正式批准;授权"
copy	158	"英[ˈkɒpi]
美[ˈkɑːpi]
复印件，副本，复制品;一本，一册，一份;稿件;消息，信息;复制;复印;仿造;临摹;抄写;誊写;模仿;效法;仿效"
win	158	"英[wɪn]
美[wɪn]
获胜，赢;赢得，夺取，获得，挣得;取得;胜利"
flexibility	158	"英[ˌfleksə'bɪləti]
美[ˌfleksə'bɪləti]
柔韧性；灵活性；弹性；适应性"
outlook	158	"英[ˈaʊtlʊk]
美[ˈaʊtlʊk]
观点;见解;世界观;人生观;前景;可能性;景色;景致;景观"
modest	158	"英[ˈmɒdɪst]
美[ˈmɑːdɪst]
些许的;不太大的;谦虚的;谦逊的;庄重的;朴素的;不性感的"
accuracy	158	"英[ˈækjərəsi]
美[ˈækjərəsi]
准确;精确"
hair	158	"英[heə(r)]
美[her]
毛发;头发;有…毛发的;茸毛"
authorized	158	"英[ˈɔːθəraɪzd]
美[ˈɔːθəraɪzd]
批准;授权;authorize的过去分词和过去式"
reveals	158	"英[rɪˈviːlz]
美[rɪˈviːlz]
揭示;显示;透露;显出;露出;展示;reveal的第三人称单数"
troubles	158	"英[ˈtrʌblz]
美[ˈtrʌblz]
问题;忧虑;困难;苦恼;疾病;疼痛;故障;使忧虑;使烦恼;使苦恼;劳驾;费神;麻烦;费事;费力;trouble的第三人称单数和复数"
collection	158	"英[kəˈlekʃn]
美[kəˈlekʃn]
收集物，收藏品;一批物品;一群人;取走;拿走;聚集;聚积"
apart	158	"英[əˈpɑːt]
美[əˈpɑːrt]
相隔，相距;不在一起;分离;分开;成碎片"
exam	158	"英[ɪɡˈzæm]
美[ɪɡˈzæm]
考试;检查;体检"
sector	157	"英[ˈsektə(r)]
美[ˈsektər]
部门，领域，行业;区域，地带;扇形"
verbal	153	"英[ˈvɜːbl]
美[ˈvɜːrbl]
文字的;言语的;词语的;口头的;动词的"
touch	153	"英[tʌtʃ]
美[tʌtʃ]
触摸;碰;接触;触及;移动;碰到;打;使受伤;触觉;触感;触;触摸时的感觉"
writes	153	"英[raɪts]
美[raɪts]
书写;写字;写作;作曲;编写;写信;write的第三人称单数"
warm	153	"英[wɔːm]
美[wɔːrm]
温暖的;暖和的;保暖的;保温的;温情的;热心的;友好的;温暖，变暖和;变得更友好，变得更温情;取暖;加热;使人暖和地;温暖地"
purchase	153	"英[ˈpɜːtʃəs]
美[ˈpɜːrtʃəs]
购买;采购;购买的东西;购买项目;握紧;抓牢;蹬稳;买"
peculiar	153	"英[pɪˈkjuːliə(r)]
美[pɪˈkjuːliər]
怪异的;奇怪的;不寻常的;特有的，特殊的;不适;不舒服"
varieties	153	"英[vəˈraɪətiz]
美[vəˈraɪətiz]
不同种类，多种式样;变化;多样化;多变性;变种，变体;异体;品种;variety的复数"
exception	153	"英[ɪkˈsepʃn]
美[ɪkˈsepʃn]
一般情况以外的人;例外;规则的例外;例外的事物"
mentally	153	"英[ˈmentəli]
美[ˈmentəli]
精神上;智力上;思想上"
banks	153	"英[bæŋks]
美[bæŋks]
银行;筹码;赌本;库存;库;把存入银行;开账户，存款;倾斜飞行;bank的第三人称单数和复数"
broad	153	"英[brɔːd]
美[brɔːd]
宽阔的;广阔的;…宽;涉及各种各样的人的;广泛的;婆娘"
tiny	153	"英[ˈtaɪni]
美[ˈtaɪni]
极小的;微小的;微量的"
elementary	153	"英[ˌelɪˈmentri]
美[ˌelɪˈmentri]
初级的;基础的;基本的;简单的;容易的"
radiation	153	"英[ˌreɪdiˈeɪʃn]
美[ˌreɪdiˈeɪʃn]
辐射;放射线;辐射的热;放射疗法"
raising	153	"英[ˈreɪzɪŋ]
美[ˈreɪzɪŋ]
增加;提高;提升;举起;提起;直立，站立;增加，提高;raise的现在分词"
combine	153	"英[kəmˈbaɪn , ˈkɒmbaɪn]
美[kəmˈbaɪn , ˈkɑːmbaɪn]
结合，组合，联合，混合;兼有;兼备;使融合;同时做;兼做;兼办;联合收割机;集团;联合企业"
straight	153	"英[streɪt]
美[streɪt]
笔直地;平正地;成直线;直接;径直;立即;正;直;直的;直筒型的;准的;正中目标的;异性恋者;直道部分;直道"
estimates	153	"英[ˈestɪmeɪts]
美[ˈestɪmeɪts]
估计;估价;估计的成本;估算;estimate的第三人称单数和复数"
novels	153	"英[ˈnɒvəlz]
美[ˈnɑvəlz]
小说;novel的复数"
dramatic	153	"英[drəˈmætɪk]
美[drəˈmætɪk]
突然的;巨大的;令人吃惊的;激动人心的;引人注目的;给人印象深刻的;戏剧的;有关戏剧的;戏剧学的"
errors	153	"英[ˈɛrəz]
美[ˈɛrərz]
错误;差错;谬误;error的复数"
victim	153	"英[ˈvɪktɪm]
美[ˈvɪktɪm]
受害者;罹难者;罹病者;牺牲品;受骗者;上当的人;为祭祀杀死的动物;祭品;牺牲"
alive	153	"英[əˈlaɪv]
美[əˈlaɪv]
活着;在世;情绪饱满;激动兴奋;有生气;有活力;继续存在"
rural	153	"英[ˈrʊərəl]
美[ˈrʊrəl]
乡村的;农村的;似农村的"
spot	153	"英[spɒt]
美[spɑːt]
斑点;污迹;污渍;脏点;丘疹，疱疹，粉刺;脓疱;看见;看出;注意到;发现;让分，让子，让步;现货交易的;立即支付的"
throughout	153	"英[θruːˈaʊt]
美[θruːˈaʊt]
各处;遍及;自始至终;贯穿整个时期;始终;处处;在所有方面"
disapproval	153	"英[ˌdɪsəˈpruːvl]
美[ˌdɪsəˈpruːvl]
不赞成;反对"
likes	153	"英[laɪks]
美[laɪks]
喜好;爱好;类似的人;种类，类型;喜欢;喜爱;喜欢做;想;要;希望;like的第三人称单数和复数"
justified	153	"英[ˈdʒʌstɪfaɪd]
美[ˈdʒʌstɪfaɪd]
有正当理由的;事出有因;合乎情理;证明…正确;对…作出解释;为…辩解;调整使全行排满;使每行排齐;使齐行;justify的过去分词和过去式"
river	153	"英[ˈrɪvə(r)]
美[ˈrɪvər]
河;江;涌流"
waste	153	"英[weɪst]
美[weɪst]
浪费;滥用;白费;糟蹋;未充分利用;使…屈才;废料;废物;弃物;垃圾;荒芜的;废弃的;丢弃的;无用的"
chemicals	153	"英[ˈkɛmɪkəlz]
美[ˈkɛmɪkəlz]
化学制品;化学品;chemical的复数"
founders	153	"英[ˈfaʊndəz]
美[ˈfaʊndərz]
创建者，创办者，发起人;失败;破产;沉没;founder的第三人称单数和复数"
reactions	153	"英[ri(ː)ˈækʃənz]
美[riˈækʃənz]
反应;回应;抗拒;生理反应;副作用;reaction的复数"
researcher	153	"英[rɪˈsɜː(r)tʃə(r)]
美[rɪˈsɜrtʃər]
研究员;科研工作者"
begins	153	"英[bɪˈɡɪnz]
美[bɪˈɡɪnz]
开始;启动;起始;开始存在;起初是;本来是;begin的第三人称单数"
alternative	153	"英[ɔːlˈtɜːnətɪv]
美[ɔːlˈtɜːrnətɪv]
可供选择的事物;可供替代的;非传统的;另类的"
diversity	153	"英[daɪˈvɜːsəti]
美[daɪˈvɜːrsəti]
差异;不同;多样性;多样化"
respected	153	"英[rɪˈspektɪd]
美[rɪˈspektɪd]
受尊敬的;受敬重的;受重视的;尊敬;尊重;仰慕;慎重对待;谨慎从事;遵守;不损害;不违背;respect的过去分词和过去式"
buyers	153	"英[ˈbaɪəz]
美[ˈbaɪərz]
买主;买方;采购员;buyer的复数"
consumer	153	"英[kənˈsjuːmə(r)]
美[kənˈsuːmər]
消费者;顾客;用户"
railway	153	"英[ˈreɪlweɪ]
美[ˈreɪlweɪ]
铁路;铁道;铁路公司;铁道部门;铁路系统"
stephen	153	"英[ˈstiːv(ə)n]
美[ˈstivən]
斯蒂芬（男子教名，亦作姓用，源于希腊语，它的变体是Stephenus）"
somewhat	153	"英[ˈsʌmwɒt]
美[ˈsʌmwʌt]
有点;有几分;稍微"
reward	153	"英[rɪˈwɔːd]
美[rɪˈwɔːrd]
奖励;回报;报酬;赏格;悬赏金;奖赏;给以报酬"
noted	153	"英[ˈnəʊtɪd]
美[ˈnoʊtɪd]
见称，闻名，著名;注意;留意;指出;特别提到;note的过去分词和过去式"
illustrated	153	"英[ˈɪləstreɪtɪd]
美[ˈɪləstreɪtɪd]
加插图于;给做图表;说明，解释;表明…真实;显示…存在;illustrate的过去分词和过去式"
substance	153	"英[ˈsʌbstəns]
美[ˈsʌbstəns]
物质;物品;东西;事实基础;根据;主旨;要点;实质;基本内容"
supporting	153	"英[səˈpɔːtɪŋ]
美[səˈpɔːrtɪŋ]
次要的;配角的;能确证的;支承的;支撑的;承重的;支持;拥护;鼓励;帮助;援助;资助;赞助;support的现在分词"
candidate	153	"英[ˈkændɪdət]
美[ˈkændɪdət]
候选人，申请人;投考者;应试者;参加考试的人;被认定适合者;被认定有某种结局者"
buying	153	"英[ˈbaɪɪŋ]
美[ˈbaɪɪŋ]
买;购买;够支付;买通;收买;贿赂;buy的现在分词"
unfamiliar	153	"英[ˌʌnfəˈmɪliə(r)]
美[ˌʌnfəˈmɪliər]
陌生的;不熟悉的;不认识的;无…的知识"
sought	153	"英[sɔːt]
美[sɔːt]
寻找;寻求;谋求;争取;请求;seek的过去分词和过去式"
guide	153	"英[ɡaɪd]
美[ɡaɪd]
指南;手册;旅游指南;导游;向导;给某人领路;指引;指导，影响;解释，阐明"
communicate	153	"英[kəˈmjuːnɪkeɪt]
美[kəˈmjuːnɪkeɪt]
交流;沟通;传达，传递"
beauty	152	"英[ˈbjuːti]
美[ˈbjuːti]
美;美丽;美人;美好的东西;极好的榜样;典型的例子"
detection	152	"英[dɪˈtekʃn]
美[dɪˈtekʃn]
侦查;探测;察觉;发现"
engaged	147	"英[ɪnˈɡeɪdʒd]
美[ɪnˈɡeɪdʒd]
忙于;从事于;已订婚;被占用的;使用中的;吸引住;雇用;聘用;与…建立密切关系;尽力理解;engage的过去分词和过去式"
continuous	147	"英[kənˈtɪnjuəs]
美[kənˈtɪnjuəs]
不断的;持续的;连续的;延伸的;遍布的;反复的;频繁的"
interpreted	147	"英[ɪnˈtɜːprətɪd]
美[ɪnˈtɜːrprətɪd]
诠释;说明;把…理解为;领会;口译;interpret的过去分词和过去式"
player	147	"英[ˈpleɪə(r)]
美[ˈpleɪər]
游戏者;运动员;参赛选手;参与者，竞争者，玩家;播放机"
filled	147	"英[fɪld]
美[fɪld]
充满，装满，注满，填满;堵塞，填补;使充满;fill的过去分词和过去式"
organized	147	"英[ˈɔːɡənaɪzd]
美[ˈɔːrɡənaɪzd]
有组织的;系统的;有条理的;有安排的;有效率的;组织;筹备;安排;处理;分配;规划;管理;照料;organize的过去分词和过去式"
promise	147	"英[ˈprɒmɪs]
美[ˈprɑːmɪs]
许诺;承诺;答应;保证;使很可能;预示;诺言;获得成功的迹象;吉兆;迹象"
dinner	147	"英[ˈdɪnə(r)]
美[ˈdɪnər]
正餐，主餐;宴会"
elite	147	"英[eɪˈliːt]
美[eɪˈliːt]
上层集团;掌权人物，社会精英"
capabilities	147	"英[ˌkeɪpəˈbɪlɪtiz]
美[ˌkeɪpəˈbɪlətiz]
能力;才能;军事力量，军事武器;capability的复数"
seat	147	"英[siːt]
美[siːt]
座位，坐处;有…座位的;有…座的;座部;向…提供座位;就座;坐;落座;可坐…人;能容纳…人"
participants	147	"英[pɑːˈtɪsɪpənts]
美[pɑrˈtɪsəpənts]
参与者;参加者;participant的复数"
aging	147	"英[ˈeɪdʒɪŋ]
美[ˈeɪdʒɪŋ]
变老;变旧;老化;变老的;变旧的;老化的;使显老;使变老;使苍老;成熟，变陈;age的现在分词"
paying	147	"英[ˈpeɪɪŋ]
美[ˈpeɪɪŋ]
付费;付酬;交纳;偿还;赢利;创收;pay的现在分词"
realities	147	"英[ri(ː)ˈælɪtiz]
美[ˌriˈæləˌtiz]
现实;实际情况;事实;实际经历;见到的事物;reality的复数"
badly	147	"英[ˈbædli]
美[ˈbædli]
拙劣地;差;不认真仔细;不成功地;受挫;未能令人满意"
casual	147	"英[ˈkæʒuəl]
美[ˈkæʒuəl]
不经意的;无忧无虑的;漫不经心的;不在乎的;马虎的;疏忽的;非正式;随便的;便装;便鞋;临时工"
friendship	147	"英[ˈfrendʃɪp]
美[ˈfrendʃɪp]
友谊;朋友关系;友情;友好"
realized	147	"英[ˈriːəlaɪzd]
美[ˈriːəlaɪzd]
理解;领会;认识到;意识到;实现;将…变为现实;发生，产生;realize的过去分词和过去式"
gather	147	"英[ˈɡæðə(r)]
美[ˈɡæðər]
聚集;集合;召集;收拢，归拢;搜集，收集"
comparable	147	"英[ˈkɒmpərəbl]
美[ˈkɑːmpərəbl]
类似的;可比较的"
indifference	147	"英[ɪnˈdɪfrəns]
美[ɪnˈdɪfrəns]
漠不关心;冷淡;不感兴趣;无动于衷"
regulation	147	"英[ˌreɡjuˈleɪʃn]
美[ˌreɡjuˈleɪʃn]
章程;规章制度;规则;法规;管理，控制;规定的;必须穿戴的;必须使用的"
absolute	147	"英[ˈæbsəluːt]
美[ˈæbsəluːt]
完全的;全部的;绝对的;道地的，确实的，十足的;肯定的;无疑的;明确的;绝对真理"
incredible	147	"英[ɪnˈkredəbl]
美[ɪnˈkredəbl]
不能相信的;难以置信的;极好的;极大的"
academy	147	"英[əˈkædəmi]
美[əˈkædəmi]
专科院校;研究院，学会;中等学校;私立学校"
explanations	147	"英[ˌɛkspləˈneɪʃənz]
美[ˌɛkspləˈneɪʃənz]
解释;说明;阐述;解释性说法;说明性文字;explanation的复数"
suspicious	147	"英[səˈspɪʃəs]
美[səˈspɪʃəs]
感觉可疑的;怀疑的;令人怀疑的;可疑的;不信任的;持怀疑态度的"
concluded	147	"英[kənˈkluːdɪd]
美[kənˈkluːdɪd]
断定;推断出;得出结论;结束，终止;达成，订立，缔结;conclude的过去分词和过去式"
journalism	147	"英[ˈdʒɜːnəlɪzəm]
美[ˈdʒɜːrnəlɪzəm]
新闻业;新闻工作"
definitely	147	"英[ˈdefɪnətli]
美[ˈdefɪnətli]
肯定;没问题;当然;确实;确切地;明确地;清楚地"
bed	147	"英[bed]
美[bed]
床;底;花坛;苗圃;菜园;把…固定在;与发生性关系"
duties	147	"英[ˈdjuːtiz]
美[ˈdutiz]
责任;义务;本分;上班;值班;职责;任务;duty的复数"
ease	147	"英[iːz]
美[iːz]
容易;轻易;不费劲;舒适;安逸;自在;无忧无虑;宽慰;减轻;缓解;小心缓缓地移动;使…容易些"
wealthy	147	"英[ˈwelθi]
美[ˈwelθi]
富有的;富裕的;富饶的;富人;有钱人;阔人"
intend	147	"英[ɪnˈtend]
美[ɪnˈtend]
打算;计划;想要;意指"
strictly	147	"英[ˈstrɪktli]
美[ˈstrɪktli]
严格地;绝对地，无论如何;完全地;确切地"
cycle	147	"英[ˈsaɪkl]
美[ˈsaɪkl]
自行车;摩托车;循环;整套，整个系列;骑自行车;骑自行车旅行"
applications	147	"英[ˌæplɪˈkeɪʃ(ə)nz]
美[ˌæpləˈkeɪʃənz]
申请;请求;申请书;申请表;应用，运用;涂抹;敷用;施用;application的复数"
breaks	147	"英[breɪks]
美[breɪks]
破，裂，碎;弄坏;损坏;坏掉;弄破;使流血;break的第三人称单数"
insisted	147	"英[ɪnˈsɪstɪd]
美[ɪnˈsɪstɪd]
坚决要求;坚持;坚持说;固执己见;insist的过去分词和过去式"
maintains	147	"英[meɪnˈteɪnz]
美[meɪnˈteɪnz]
维持;保持;维修;保养;坚持;固执己见;maintain的第三人称单数"
unrelated	147	"英[ˌʌnrɪˈleɪtɪd]
美[ˌʌnrɪˈleɪtɪd]
无关联的;不相关的;不属于同一家族的;无亲缘关系的"
highest	147	"英[ˈhaɪɪst]
美[ˈhaɪəst]
在高处;向高处;高;大;音调高;高的;有某高度的;很高的;海拔很高的;high的最高级"
glimpse	147	"英[ɡlɪmps]
美[ɡlɪmps]
一瞥;一看;短暂的感受;瞥见;看一眼;开始领悟;开始认识到"
presented	147	"英[prɪˈzentɪd]
美[prɪˈzentɪd]
把…交给;颁发;授予;提出;提交;展现，显示，表现;present的过去分词和过去式"
disaster	147	"英[dɪˈzɑːstə(r)]
美[dɪˈzæstər]
灾难;灾祸;灾害;不幸;祸患;彻底失败的人"
operating	147	"英[ˈɒpəreɪtɪŋ]
美[ˈɑːpəreɪtɪŋ]
经营的;营业的;业务上的;运转;工作;操作;控制;使运行;使用;operate的现在分词"
deliberately	147	"英[dɪˈlɪbərətli]
美[dɪˈlɪbərətli]
故意;蓄意;存心;不慌不忙地;小心翼翼地;从容不迫地"
cloning	147	"英[ˈkləʊnɪŋ]
美[ˈkloʊnɪŋ]
以无性繁殖技术复制;克隆;非法复制，克隆;clone的现在分词"
writers	147	"英[ˈraɪtəz]
美[ˈraɪtərz]
作家;作者;著者;写…的人;执笔者;撰写人;写字…的人;writer的复数"
disappointed	147	"英[ˌdɪsəˈpɔɪntɪd]
美[ˌdɪsəˈpɔɪntɪd]
失望的;沮丧的;失意的;使失望;使破灭;使落空;disappoint的过去分词和过去式"
secret	147	"英[ˈsiːkrət]
美[ˈsiːkrət]
秘密的;保密的;外人不得而知的;暗中进行的，未公开的，隐秘的;诡秘;神秘;秘密;机密;诀窍;秘诀;奥秘;奥妙"
smoothly	147	"英[ˈsmuːðli]
美[ˈsmuːðli]
平稳地;连续而流畅地;顺利地;平静地;自信地"
renew	147	"英[rɪˈnjuː]
美[rɪˈnuː]
重新开始;中止后继续;使继续有效;延长…的期限;重申;重复强调"
film	147	"英[fɪlm]
美[fɪlm]
电影;影片;电影制作艺术;电影业;新闻片;拍摄电影"
spots	147	"英[spɒts]
美[spɑːts]
斑点;污迹;污渍;脏点;丘疹，疱疹，粉刺;脓疱;看见;看出;注意到;发现;让分，让子，让步;spot的第三人称单数和复数"
user	147	"英[ˈjuːzə(r)]
美[ˈjuːzər]
使用者;用户;瘾君子;吸毒者"
attract	147	"英[əˈtrækt]
美[əˈtrækt]
吸引;使喜爱;引起…的好感;招引;引起"
solving	147	"英[ˈsɒlvɪŋ]
美[ˈsɑːlvɪŋ]
解决;处理;解答;破解;solve的现在分词"
alike	147	"英[əˈlaɪk]
美[əˈlaɪk]
相像;十分相似;十分相像地;很相似地;两者都;同样地"
strain	147	"英[streɪn]
美[streɪn]
压力;重负;重压之下出现的问题;拉力;张力;应力;劳损;拉伤;扭伤;损伤;尽力;竭力;使劲;过度使用;使不堪承受"
shaping	147	"英[ˈʃeɪpɪŋ]
美[ˈʃeɪpɪŋ]
使成为…形状;塑造;决定…的形成;影响…的发展;准备;摆好姿势;shape的现在分词"
curiosity	147	"英[ˌkjʊəriˈɒsəti]
美[ˌkjʊriˈɑːsəti]
好奇心;求知欲;罕见而有趣之物;奇物;珍品"
sequence	147	"英[ˈsiːkwəns]
美[ˈsiːkwəns]
一系列;一连串;顺序;次序;一组镜头;按顺序排列;测定序列"
artistic	147	"英[ɑːˈtɪstɪk]
美[ɑːrˈtɪstɪk]
艺术的;艺术家的;有艺术天赋的;有美术才能的;有艺术性的;精美的"
contributed	147	"英[kənˈtrɪbjuːtɪd]
美[kənˈtrɪbjuːtɪd]
捐献，捐赠;捐助;是…的原因之一;增加;增进;添加;contribute的过去分词和过去式"
listener	147	"英[ˈlɪsənə(r)]
美[ˈlɪsənər]
听者;收听广播节目的人"
entered	147	"英[ˈentəd]
美[ˈentərd]
进来;进去;进入;成为…的一员;加入;开始从事;开始参加;开始进入;着手进行;enter的过去分词和过去式"
cheap	147	"英[tʃiːp]
美[tʃiːp]
花钱少的;便宜的;廉价的;收费低廉的;价低质劣的;低价地;廉价地;便宜地"
eager	147	"英[ˈiːɡə(r)]
美[ˈiːɡər]
热切的;渴望的;渴求的"
sad	147	"英[sæd]
美[sæd]
悲哀的;难过的;显得悲哀的;令人悲哀的;让人难过的;让人无法接受的;该受责备的"
french	147	"英[frentʃ]
美[frentʃ]
法国的;法国人的;法语的;法语"
fame	147	"英[feɪm]
美[feɪm]
名声;声誉;名气;使闻名;使出名;使有名望;<古>盛传"
germany	147	"英[ˈdʒɜːməni]
美[ˈdʒɜːrməni]
德国"
ad	147	"英[æd]
美[æd]
广告"
thirty	147	"英[ˈθɜːti]
美[ˈθɜːrti]
三十;三十几;三十年代"
consists	147	"英[kənˈsɪsts]
美[kənˈsɪsts]
由…组成;由…构成;在于;存在于;consist的第三人称单数"
fortunes	147	"英[ˈfɔːtʃənz]
美[ˈfɔrtʃənz]
机会，运气;大笔的钱;巨款;发展变化的趋势，命运，际遇;fortune的第三人称单数和复数"
vain	147	"英[veɪn]
美[veɪn]
徒劳的;枉然的;无结果的;自负的;自视过高的"
complicated	147	"英[ˈkɒmplɪkeɪtɪd]
美[ˈkɑːmplɪkeɪtɪd]
复杂的;难懂的;使复杂化;complicate的过去分词和过去式"
nineteenth	147	"英[ˌnaɪnˈtiːnθ]
美[ˌnaɪnˈtiːnθ]
第十九;十九分之一"
transportation	147	"英[ˌtrænspɔːˈteɪʃn]
美[ˌtrænspɔːrˈteɪʃn]
流放"
rewards	147	"英[rɪˈwɔːdz]
美[rɪˈwɔːrdz]
奖励;回报;报酬;赏格;悬赏金;奖赏;给以报酬;reward的第三人称单数和复数"
drop	147	"英[drɒp]
美[drɑːp]
落下，掉下，使落下;降下，使降落;累倒;累垮;滴;水珠;少量;微量;一点点;下降;下跌;减少"
surplus	147	"英[ˈsɜːpləs]
美[ˈsɜːrplʌs]
过剩;剩余;过剩量;剩余额;盈余;顺差;过剩的;剩余的;多余的"
discrimination	147	"英[dɪˌskrɪmɪˈneɪʃn]
美[dɪˌskrɪmɪˈneɪʃn]
区别对待;歧视;偏袒;识别力;辨别力;鉴赏力;区别;识别;辨别"
clean	147	"英[kliːn]
美[kliːn]
洁净的;干净的;爱干净的;爱整洁的;无有害物的;无污染的;除去…的灰尘;使…干净;打扫;变干净;清除内脏;彻底地，完全地;清扫"
employer	147	"英[ɪmˈplɔɪə(r)]
美[ɪmˈplɔɪər]
雇用者;雇主;老板"
physicians	147	"英[fɪˈzɪʃənz]
美[fəˈzɪʃənz]
医师;内科医生;physician的复数"
considers	147	"英[kənˈsɪdəz]
美[kənˈsɪdərz]
仔细考虑，细想;认为;以为;觉得;体谅;考虑到;顾及;consider的第三人称单数"
threats	147	"英[θrɛts]
美[θrɛts]
威胁;恐吓;凶兆;征兆;构成威胁的人;形成威胁的事物;threat的复数"
courage	147	"英[ˈkʌrɪdʒ]
美[ˈkɜːrɪdʒ]
勇气;勇敢;无畏;胆量"
shippers	147	"英[ˈʃɪpəz]
美[ˈʃɪpərz]
托运人，发货人;shipper的复数"
renders	147	"英[ˈrendəz]
美[ˈrendərz]
使成为;使变得;使处于某状态;给予;提供;回报;递交;呈献;提交;render的第三人称单数"
agencies	147	"英[ˈeɪdʒənsiz]
美[ˈeɪdʒənsiz]
服务机构;代理机构，经销机构;专门机构;agency的复数"
observations	147	"英[ˌɒbzə(ː)ˈveɪʃənz]
美[ˌɑbzərˈveɪʃənz]
观察;观测;监视;评论;observation的复数"
plenty	147	"英[ˈplenti]
美[ˈplenti]
大量;众多;充足;很多;足够有余;非常;十分;很;富裕;充裕"
instant	147	"英[ˈɪnstənt]
美[ˈɪnstənt]
立即的;立刻的;速食的;即食的;速溶的;方便的;瞬间;片刻;某一时刻"
scene	147	"英[siːn]
美[siːn]
地点，现场;事件;场面;情景;片段;镜头"
deals	147	"英[diːlz]
美[diːlz]
发牌;非法买卖毒品;贩毒;大量;很多;协议;交易;待遇;deal的第三人称单数和复数"
selling	147	"英[ˈselɪŋ]
美[ˈselɪŋ]
出让;转让;出售;售卖;销售得…;卖出…;售价是…;sell的现在分词"
diseases	147	"英[dɪˈziːzɪz]
美[dɪˈzizəz]
病;疾病;弊端;恶疾;痼疾;disease的复数"
playing	147	"英[ˈpleɪɪŋ]
美[ˈpleɪɪŋ]
表现，风格;演奏;玩耍;游戏;玩乐;假装，假扮;捉弄;戏弄;play的现在分词"
reminds	147	"英[rɪˈmaɪndz]
美[rɪˈmaɪndz]
提醒;使想起;remind的第三人称单数"
misery	142	"英[ˈmɪzəri]
美[ˈmɪzəri]
痛苦;悲惨;穷困;悲惨的生活;不幸的事;痛苦的事"
discussed	142	"英[dɪˈskʌst]
美[dɪˈskʌst]
讨论;谈论;商量;详述;论述;discuss的过去分词和过去式"
avoiding	142	"英[əˈvɔɪdɪŋ]
美[əˈvɔɪdɪŋ]
避免;防止;回避;避开;躲避;避免撞到;avoid的现在分词"
motor	142	"英[ˈməʊtə(r)]
美[ˈmoʊtər]
发动机;马达;汽车;有引擎的;由发动机推动的;机动车的;汽车的;肌肉运动的;运动神经的;乘车旅行;驾车旅行"
shaped	142	"英[ʃeɪpt]
美[ʃeɪpt]
具有…形状的;使成为…形状;塑造;决定…的形成;影响…的发展;准备;摆好姿势;shape的过去分词和过去式"
totally	142	"英[ˈtəʊtəli]
美[ˈtoʊtəli]
完全;全部地;整个地"
electronics	142	"英[ɪˌlekˈtrɒnɪks]
美[ɪˌlekˈtrɑːnɪks]
电子学;电子学的应用;电子电路;电子器件"
allen	142	"英[ˈælən]
美[ˈælən]
爱伦;艾伦;阿伦;男子名"
deliver	142	"英[dɪˈlɪvə(r)]
美[dɪˈlɪvər]
递送;传送;交付;运载;发表;宣布;发布;履行诺言;不负所望;兑现"
warn	142	"英[wɔːn]
美[wɔːrn]
提醒注意;使警惕;劝告;警告;告诫"
innovations	142	"英[ˌɪnəʊˈveɪʃənz]
美[ˌɪnəˈveɪʃənz]
创造;创新;改革;新思想;新方法;innovation的复数"
route	142	"英[ruːt]
美[ruːt]
路线;路途;常规路线，固定线路;途径;渠道;按某路线发送"
initially	142	"英[ɪˈnɪʃəli]
美[ɪˈnɪʃəli]
开始;最初;起初"
imagine	142	"英[ɪˈmædʒɪn]
美[ɪˈmædʒɪn]
想象;设想;误以为;胡乱猜想;猜测;料想;认为"
entering	142	"英[ˈentərɪŋ]
美[ˈentərɪŋ]
进来;进去;进入;成为…的一员;加入;开始从事;开始参加;开始进入;着手进行;enter的现在分词"
ethical	142	"英[ˈeθɪkl]
美[ˈeθɪkl]
道德的;伦理的;合乎道德的"
afraid	142	"英[əˈfreɪd]
美[əˈfreɪd]
害怕，畏惧;担心;担心，生怕"
struggle	142	"英[ˈstrʌɡl]
美[ˈstrʌɡl]
奋斗;努力;争取;艰难地行进;吃力地进行;斗争;抗争;搏斗;扭打;抢夺，挣扎脱身;难事"
burn	142	"英[bɜːn]
美[bɜːrn]
燃烧;烧;着火;烧着;烧毁，烧坏，烧伤，烧死;烧伤;烫伤;灼伤;烧的痕迹;酸痛感;小河;溪流"
translated	142	"英[trænzˈleɪtɪd]
美[trænzˈleɪtɪd]
翻译;译;被翻译;被译成;转变，变为;translate的过去分词和过去式"
satellite	142	"英[ˈsætəlaɪt]
美[ˈsætəlaɪt]
人造卫星;卫星;卫星城;卫星国;外围组织"
sustain	142	"英[səˈsteɪn]
美[səˈsteɪn]
维持;使保持;使稳定持续;遭受;蒙受;经受"
delivery	142	"英[dɪˈlɪvəri]
美[dɪˈlɪvəri]
传送;递送;交付;分娩;演讲方式;表演风格"
rooms	142	"英[ruːmz]
美[ruːmz]
房间;室;有…室的;有…个房间的;客房;租房;合住;room的第三人称单数和复数"
virtue	142	"英[ˈvɜːtʃuː]
美[ˈvɜːrtʃuː]
高尚的道德;正直的品性;德行;美德;优秀品质;良好习惯;优点;长处;用处"
declining	142	"英[dɪˈklaɪnɪŋ]
美[dɪˈklaɪnɪŋ]
减少;下降;衰弱;衰退;谢绝;婉言拒绝;变格，使发生词形变化;decline的现在分词"
colour	142	"英[ˈkʌlə(r)]
美[ˈkʌlər]
颜色;色彩;彩色;红润，粉红;脸红;为…着色;影响"
reflected	142	"英[rɪˈflektɪd]
美[rɪˈflektɪd]
反映;映出;反射;显示，表明，表达;reflect的过去分词和过去式"
trip	142	"英[trɪp]
美[trɪp]
旅行，旅游，出行;幻觉，迷幻感受;绊;绊倒;将…绊倒;使跌倒;脚步轻快地走"
tired	142	"英[ˈtaɪəd]
美[ˈtaɪərd]
疲倦的;疲劳的;困倦的;厌倦;厌烦;陈旧的;陈腐的;陈词滥调的;疲劳，疲倦，困倦;tire的过去分词和过去式"
construction	142	"英[kənˈstrʌkʃn]
美[kənˈstrʌkʃn]
建筑;建造;施工;建造的方式;建造物;构筑物;制成物"
thousand	142	"英[ˈθaʊznd]
美[ˈθaʊznd]
一千;数以千计的;成千上万的;许许多多的;1 000到9 999间的数目;千位数"
commodity	142	"英[kəˈmɒdəti]
美[kəˈmɑːdəti]
商品;有用的东西;有使用价值的事物"
shareholders	142	"英[ˈʃeəˌhəʊldəz]
美[ˈʃɛrˌhoʊldərz]
股东;shareholder的复数"
replace	142	"英[rɪˈpleɪs]
美[rɪˈpleɪs]
代替;取代;替换;接替;更换;更新"
stuck	142	"英[stʌk]
美[stʌk]
动不了;无法移动;卡住;陷住;陷;困;被难住;答不上来;卡壳;将…刺入;刺;戳;插入;粘贴;粘住;放置;stick的过去分词和过去式"
benefited	142	"英[ˈbenɪfɪtɪd]
美[ˈbenɪfɪtɪd]
对有用;使受益;得益于;得利于;benefit的过去分词和过去式"
revealing	142	"英[rɪˈviːlɪŋ]
美[rɪˈviːlɪŋ]
揭露真相的;发人深省的;暴露的;使身体过分裸露的;揭示;显示;透露;显出;露出;展示;reveal的现在分词"
procedures	142	"英[prəˈsiːdʒəz]
美[prəˈsidʒərz]
程序，手续，步骤;程序;手术;procedure的复数"
virtual	142	"英[ˈvɜːtʃuəl]
美[ˈvɜːrtʃuəl]
很接近的;几乎…的;事实上的;实际上的;实质上的;模拟的，虚拟的"
plain	142	"英[pleɪn]
美[pleɪn]
清楚的;明显的;浅白的;坦诚的;直率的;直接的;不尚修饰的;朴素的;简单的;平原;简直，绝对地"
manufacturing	142	"英[ˌmænjuˈfæktʃərɪŋ]
美[ˌmænjuˈfæktʃərɪŋ]
制造业;大量生产，成批制造;编造;捏造;生成，产生;manufacture的现在分词"
optimism	142	"英[ˈɒptɪmɪzəm]
美[ˈɑːptɪmɪzəm]
乐观;乐观主义"
attempts	142	"英[əˈtempts]
美[əˈtempts]
企图;试图;尝试;杀人企图;尝试，努力;努力;attempt的第三人称单数和复数"
aim	142	"英[eɪm]
美[eɪm]
目的;目标;瞄准;力求达到;力争做到;目的是;旨在;对准"
overlooked	142	"英[ˌəʊvəˈlʊkt]
美[ˌoʊvərˈlʊkt]
忽略;未注意到;不予理会，视而不见;俯视;眺望;overlook的过去分词和过去式"
cloud	142	"英[klaʊd]
美[klaʊd]
云;云朵;云状物;阴影;忧郁;焦虑;令人忧虑的事;使难以理解;使记不清楚;使模糊;显得阴沉;看起来忧愁;混淆，搅混"
assure	142	"英[əˈʃʊə(r)]
美[əˈʃʊr]
使确信;向…保证;弄清;查明;确保;使确定"
interfere	142	"英[ˌɪntəˈfɪə(r)]
美[ˌɪntərˈfɪr]
干涉;干预;介入"
images	142	"英[ˈɪmɪdʒɪz]
美[ˈɪmədʒəz]
形象;印象;声誉;画像;雕像;塑像;image的第三人称单数和复数"
strategic	142	"英[strəˈtiːdʒɪk]
美[strəˈtiːdʒɪk]
根据全局而安排的;战略性的;战略上的"
enterprises	142	"英[ˈɛntəpraɪzɪz]
美[ˈɛntərˌpraɪzɪz]
公司;企业单位;事业单位;规划，事业;企业发展;企业经营;企业活动;enterprise的复数"
instinct	142	"英[ˈɪnstɪŋkt]
美[ˈɪnstɪŋkt]
本能;天性;直觉"
commerce	142	"英[ˈkɒmɜːs]
美[ˈkɑːmɜːrs]
贸易;商业;商务"
dominated	142	"英[ˈdɒmɪneɪtɪd]
美[ˈdɑːmɪneɪtɪd]
支配;控制;左右;影响;在…中具有最重要的特色;在…中拥有最重要的位置;俯视;高耸于;dominate的过去分词和过去式"
adapted	142	"英[əˈdæptɪd]
美[əˈdæptɪd]
适于…的;适合…的;使适应，使适合;适应;改编;改写;adapt的过去分词和过去式"
opens	142	"英[ˈəʊpənz]
美[ˈoʊpənz]
开;打开;开启;open的第三人称单数"
resolve	142	"英[rɪˈzɒlv]
美[rɪˈzɑːlv]
解决;决心;决定;作出决定;作出决议;表决;坚定的信念"
allowing	142	"英[əˈlaʊɪŋ]
美[əˈlaʊɪŋ]
允许;准许;给予;允许进入;allow的现在分词"
assemble	142	"英[əˈsembl]
美[əˈsembl]
聚集;集合;收集;装配;组装"
putting	142	"英[ˈpʊtɪŋ , ˈpʌtɪŋ]
美[ˈpʊtɪŋ , ˈpʌtɪŋ]
放;安置;猛推;用力插入;将…送往;使…前往;put的现在分词;putt的现在分词"
dispute	142	"英[dɪˈspjuːt]
美[dɪˈspjuːt]
争论;辩论;争端;纠纷;对…提出质询;对…表示异议;争执;争夺;竞争"
staff	142	"英[stɑːf]
美[stæf]
全体职工;管理人员，行政人员;全体参谋人员;拐杖;在…工作;任职于;为…配备职员"
disappeared	142	"英[ˌdɪsəˈpɪəd]
美[ˌdɪsəˈpɪrd]
消失;不见;不复存在;灭绝;消亡;失踪;丢失;disappear的过去分词和过去式"
attend	142	"英[əˈtend]
美[əˈtend]
出席;参加;经常去，定期去;注意;专心"
contain	142	"英[kənˈteɪn]
美[kənˈteɪn]
包含;含有;容纳;控制，克制，抑制;防止…蔓延"
confined	142	"英[kənˈfaɪnd]
美[kənˈfaɪnd]
狭窄而围起来的;限制;限定;监禁;禁闭;使离不开;confine的过去分词和过去式"
reject	142	"英[rɪˈdʒekt , ˈriːdʒekt]
美[rɪˈdʒekt , ˈriːdʒekt]
拒绝接受;不予考虑;拒收;不录用;拒绝接纳;不用，不出售，不出版;废品;次品;不合格者;被剔除者;被拒收者"
affairs	142	"英[əˈfeəz]
美[əˈferz]
公共事务;政治事务;事件;事情;私通，风流韵事;affair的复数"
span	142	"英[spæn]
美[spæn]
持续时间;范围;包括的种类;墩距，跨距，跨度;持续;贯穿;包括;涵盖;横跨;跨越"
repeated	142	"英[rɪˈpiːtɪd]
美[rɪˈpiːtɪd]
重复的;反复发生的;重复;重说;重写;重做;重新推出;重复发生;再次发生;repeat的过去分词和过去式"
pursue	142	"英[pəˈsjuː]
美[pərˈsuː]
追求;致力于;执行;贯彻;继续探讨;追逐;跟踪;追赶"
considerably	142	"英[kənˈsɪdərəbli]
美[kənˈsɪdərəbli]
非常;很;相当多地"
attended	142	"英[əˈtendɪd]
美[əˈtendɪd]
出席;参加;经常去，定期去;注意;专心;attend的过去分词和过去式"
row	142	"英[rəʊ , raʊ]
美[roʊ , raʊ]
一排;一列;一行;一排座位;针行，一整行;划;划船送;严重分歧;纠纷;吵架;争吵;大的噪音;大声争辩"
puts	142	"英[pʊts]
美[pʊts]
放;安置;猛推;用力插入;将…送往;使…前往;put的第三人称单数"
welfare	142	"英[ˈwelfeə(r)]
美[ˈwelfer]
幸福，安全与健康;福利"
dissatisfaction	142	"英[ˌdɪsˌsætɪsˈfækʃn]
美[ˌdɪsˌsætɪsˈfækʃn]
不快;不悦;不满意"
existed	142	"英[ɪɡˈzɪstɪd]
美[ɪɡˈzɪstɪd]
存在;实际上有;生活，生存;exist的过去分词和过去式"
enthusiasm	142	"英[ɪnˈθjuːziæzəm]
美[ɪnˈθuːziæzəm]
热情;热心;热忱;热衷的事物;激发热情的事物"
graduates	142	"英[ˈɡrædʒueɪts]
美[ˈɡrædʒueɪts]
大学毕业生;学士学位获得者;毕业生;获得学位;大学毕业;毕业;授予学位;graduate的第三人称单数和复数"
equality	142	"英[iˈkwɒləti]
美[iˈkwɑːləti]
平等;均等;相等"
expansion	142	"英[ɪkˈspænʃn]
美[ɪkˈspænʃn]
扩张;扩展;扩大;膨胀"
resulting	142	"英[rɪˈzʌltɪŋ]
美[rɪˈzʌltɪŋ]
发生;产生;result的现在分词"
expand	142	"英[ɪkˈspænd]
美[ɪkˈspænd]
扩大，增加，增强;扩展，发展;细谈;详述;详细阐明"
tested	142	"英[ˈtestɪd]
美[ˈtestɪd]
测验;考查;试验;检查;化验;检验;测试;test的过去分词和过去式"
measurable	142	"英[ˈmeʒərəbl]
美[ˈmeʒərəbl]
可测量的;可度量的;显著的;有明显影响的"
deduce	142	"英[dɪˈdjuːs]
美[dɪˈduːs]
推论;推断;演绎"
feet	142	"英[fiːt]
美[fiːt]
foot 的复数"
faces	142	"英[ˈfeɪsɪz]
美[ˈfeɪsɪz]
脸;面孔;面部表情;有…面容的;有…表情的;面对;面向;正对;面临，必须对付;承认，正视;face的第三人称单数和复数"
assist	142	"英[əˈsɪst]
美[əˈsɪst]
帮助;协助;援助;促进;助攻;助杀"
inadequate	142	"英[ɪnˈædɪkwət]
美[ɪnˈædɪkwət]
不充分的;不足的;不够的;不胜任的;缺乏信心的"
shut	142	"英[ʃʌt]
美[ʃʌt]
关闭;关上;合上;停止营业，关门，打烊;合拢;停业;关门"
san	142	"英[sæn]
美[sæn]
sandwich 三明治;sanatorium 疗养院"
resistance	142	"英[rɪˈzɪstəns]
美[rɪˈzɪstəns]
反对;抵制;抗拒;抵抗;反抗;抗力;抵抗力"
explains	142	"英[ɪkˈspleɪnz]
美[ɪkˈspleɪnz]
解释;说明;阐明;说明原因;解释理由;explain的第三人称单数"
supporters	142	"英[səˈpɔːtəz]
美[səˈpɔrtərz]
支持者;拥护者;supporter的复数"
acquisition	142	"英[ˌækwɪˈzɪʃn]
美[ˌækwɪˈzɪʃn]
获得，得到;购得物;购置物;收购的公司;购置的产业;购置;收购"
triumph	142	"英[ˈtraɪʌmf]
美[ˈtraɪʌmf]
巨大成功;重大成就;伟大胜利;心满意足，喜悦，狂喜;典范，楷模;打败;战胜;成功"
contained	142	"英[kənˈteɪnd]
美[kənˈteɪnd]
包含;含有;容纳;控制，克制，抑制;防止…蔓延;contain的过去分词和过去式"
adequate	142	"英[ˈædɪkwət]
美[ˈædɪkwət]
足够的;合格的;合乎需要的"
direction	142	"英[dəˈrekʃn]
美[dəˈrekʃn]
方向;方位;趋势;动向;方面"
taste	142	"英[teɪst]
美[teɪst]
味道;滋味;味觉;少许尝的东西;一口;一点儿;有…味道;有…味道的;尝出，品出"
unreasonable	142	"英[ʌnˈriːznəbl]
美[ʌnˈriːznəbl]
不合理的;不公正的;期望过高的"
vessels	142	"英[ˈvɛslz]
美[ˈvɛsəlz]
大船;轮船;容器，器皿;血管，脉管;导管;vessel的复数"
comparative	142	"英[kəmˈpærətɪv]
美[kəmˈpærətɪv]
比较的;相比的;比较而言的;相对的;比较级的(如better、worse、slower和more difficult);比较级形式"
linked	142	"英[lɪŋkt]
美[lɪŋkt]
把连接起来;联系;相关联;说明有联系;link的过去分词和过去式"
advertisers	141	"英[ˈædvətaɪzəz]
美[ˈædvərˌtaɪzərz]
广告商;广告人员;广告公司;登广告者;advertiser的复数"
tobacco	141	"英[təˈbækəʊ]
美[təˈbækoʊ]
烟叶;烟草"
infrastructure	141	"英[ˈɪnfrəstrʌktʃə(r)]
美[ˈɪnfrəstrʌktʃər]
基础设施，基础建设"
criticize	136	"英[ˈkrɪtɪsaɪz]
美[ˈkrɪtɪsaɪz]
批评;批判;挑剔;指责;评论;评价"
literally	136	"英[ˈlɪtərəli]
美[ˈlɪtərəli]
按字面;字面上;真正地，确实地;简直"
occupied	136	"英[ˈɒkjupaɪd]
美[ˈɑːkjupaɪd]
使用中;有人使用;忙于;被占领的;被侵占的;使用，占用;使用;居住;侵占;占领;占据;occupy的过去分词和过去式"
conservation	136	"英[ˌkɒnsəˈveɪʃn]
美[ˌkɑːnsərˈveɪʃn]
保护;文物保护;防止流失;保持"
encouraging	136	"英[ɪnˈkʌrɪdʒɪŋ]
美[ɪnˈkɜːrɪdʒɪŋ]
令人鼓舞的;振奋人心的;给人希望的;支持;鼓励;激励;鼓动;劝告;怂恿;促进;助长;刺激;encourage的现在分词"
shock	136	"英[ʃɒk]
美[ʃɑːk]
震惊;惊愕;令人震惊的事;休克;剧烈震动，剧烈震荡;使震惊;使惊愕;使气愤;使厌恶"
publisher	136	"英[ˈpʌblɪʃə(r)]
美[ˈpʌblɪʃər]
出版人;发行人"
inferior	136	"英[ɪnˈfɪəriə(r)]
美[ɪnˈfɪriər]
较差的;次的;比不上…的;级别低的;较低的;不如别人的人;级别低的人"
supervision	136	"英[ˌsuːpəˈvɪʒn]
美[ˌsuːpərˈvɪʒn]
监督;管理"
yours	136	"英[jɔːz]
美[jərz]
你的;您的;你们的;用于书信结尾的签名前"
delicate	136	"英[ˈdelɪkət]
美[ˈdelɪkət]
易损的;易碎的;脆弱的;虚弱的;纤弱的;纤细的;微小的;精美的;小巧玲珑的"
commit	136	"英[kəˈmɪt]
美[kəˈmɪt]
做出;犯;自杀;承诺，保证"
inventions	136	"英[ɪnˈvɛnʃənz]
美[ɪnˈvɛnʃənz]
发明;创意;创造;虚构;编造;虚构的故事;invention的复数"
comprehensive	136	"英[ˌkɒmprɪˈhensɪv]
美[ˌkɑːmprɪˈhensɪv]
全部的;所有的;无所不包的;详尽的;综合性的;综合中学"
publishers	136	"英[ˈpʌblɪʃəz]
美[ˈpʌblɪʃərz]
出版人;发行人;publisher的复数"
controversial	136	"英[ˌkɒntrəˈvɜːʃl]
美[ˌkɑːntrəˈvɜːrʃl]
引起争论的;有争议的"
attributed	136	"英[əˈtrɪbjuːtɪd]
美[əˈtrɪbjuːtɪd]
把…归因于;认为…是由于;认为是…所为;attribute的过去分词和过去式"
evil	136	"英[ˈiːvl]
美[ˈiːvl]
恶毒的;邪恶的;有害的;道德败坏的;恶魔的;罪恶的;邪恶;罪恶;恶行;害处;坏处;弊端"
trace	136	"英[treɪs]
美[treɪs]
查出;找到;发现;追踪;追溯;追究;描绘;追述;记述;痕迹;遗迹;踪迹;微量;少许;描记图;轨迹;迹线;扫描线"
vehicles	136	"英[ˈviːɪklz]
美[ˈvihɪkəlz]
交通工具;车辆;手段，工具;vehicle的复数"
suggestions	136	"英[səˈdʒɛstʃənz]
美[səgˈdʒɛstʃənz]
建议;提议;使人作推测的理由;微量;些微;迹象;suggestion的复数"
deserves	136	"英[dɪˈzɜːvz]
美[dɪˈzɜːrvz]
值得;应得;应受;deserve的第三人称单数"
vulnerable	136	"英[ˈvʌlnərəbl]
美[ˈvʌlnərəbl]
脆弱的，易受…伤害的"
salary	136	"英[ˈsæləri]
美[ˈsæləri]
薪金，薪水"
charles	136	"英[]
美[]
（男子教名，参见Carolus）"
promises	136	"英[ˈprɒmɪsɪz]
美[ˈprɑːmɪsɪz]
许诺;承诺;答应;保证;使很可能;预示;诺言;获得成功的迹象;吉兆;迹象;promise的第三人称单数和复数"
delayed	136	"英[dɪˈleɪd]
美[dɪˈleɪd]
延迟;延期;推迟;使迟到;使耽搁;使拖延;delay的过去分词和过去式"
lesson	136	"英[ˈlesn]
美[ˈlesn]
一节课;一课时;课;教学单元;经验;教训"
determining	136	"英[dɪˈtɜːmɪnɪŋ]
美[dɪˈtɜːrmɪnɪŋ]
查明;测定;准确算出;决定;形成;支配;影响;确定;裁决;安排;determine的现在分词"
seats	136	"英[siːts]
美[siːts]
座位，坐处;有…座位的;有…座的;座部;向…提供座位;就座;坐;落座;可坐…人;能容纳…人;seat的第三人称单数和复数"
software	136	"英[ˈsɒftweə(r)]
美[ˈsɔːftwer]
软件"
inevitably	136	"英[ɪnˈevɪtəbli]
美[ɪnˈevɪtəbli]
不可避免地;必然地;意料之中"
girls	136	"英[gɜːlz]
美[gɜrlz]
女孩;姑娘;女儿;年轻女子;女郎;girl的复数"
confronted	136	"英[kənˈfrʌntɪd]
美[kənˈfrʌntɪd]
使…无法回避;降临于;处理，解决;面对;对抗;与对峙;confront的过去分词和过去式"
agricultural	136	"英[ˌæɡrɪˈkʌltʃərəl]
美[ˌæɡrɪˈkʌltʃərəl]
农业的;农用的;以农业为主的，农业高度发达的"
hoping	136	"英[ˈhəʊpɪŋ]
美[ˈhoʊpɪŋ]
希望，期望;hope的现在分词"
privacy	136	"英[ˈprɪvəsi]
美[ˈpraɪvəsi]
隐私;私密;不受公众干扰的状态"
flexible	136	"英[ˈfleksəbl]
美[ˈfleksəbl]
能适应新情况的;灵活的;可变动的;柔韧的;可弯曲的;有弹性的"
feedback	136	"英[ˈfiːdbæk]
美[ˈfiːdbæk]
反馈的意见;反馈噪音"
forget	136	"英[fəˈɡet]
美[fərˈɡet]
忘记;遗忘;忘记做;不再想;不再把…放在心上"
stayed	136	"英[steɪd]
美[steɪd]
停留;待;保持;继续是;暂住;逗留;stay的过去分词和过去式"
laugh	136	"英[lɑːf]
美[læf]
笑;发笑;处于有利地位;笑声;令人开心的时刻;引人发笑的事;笑料;引人发笑的人;逗笑好玩的人"
physician	136	"英[fɪˈzɪʃn]
美[fɪˈzɪʃn]
医师;内科医生"
sir	136	"英[sɜː(r)]
美[sɜːr]
先生;先生，阁下;爵士"
moon	136	"英[muːn]
美[muːn]
月球;月亮;月相;卫星;以屁股示人"
michael	136	"英[ˈmaɪk(ə)l]
美[ˈmaɪkəl]
迈克尔"
sharp	136	"英[ʃɑːp]
美[ʃɑːrp]
锋利的;锐利的;尖的;急剧的，骤然的;清楚明确的;清晰的;鲜明的;…整;向左 / 向右急转;偏高音地;升半音;锐利的东西;把升高[音乐]升音演奏"
admitted	136	"英[ədˈmɪtɪd]
美[ədˈmɪtɪd]
承认;招认;招供;准许…进入;admit的过去分词和过去式"
constitute	136	"英[ˈkɒnstɪtjuːt]
美[ˈkɑːnstɪtuːt]
是;被算作;组成;构成;成立，设立"
performers	136	"英[pəˈfɔːməz]
美[pərˈfɔrmərz]
表演者;演出者;演员;表现得…者;表现了…者;performer的复数"
assertion	136	"英[əˈsɜːʃn]
美[əˈsɜːrʃn]
明确肯定;断言;声称;使用;主张"
producing	136	"英[prəˈdjuːsɪŋ]
美[prəˈduːsɪŋ]
生产;制造;生长;出产;繁育;制作，造出;produce的现在分词"
satisfy	136	"英[ˈsætɪsfaɪ]
美[ˈsætɪsfaɪ]
使满意;使满足;满足;向…证实;使确信"
sustained	136	"英[səˈsteɪnd]
美[səˈsteɪnd]
维持;使保持;使稳定持续;遭受;蒙受;经受;sustain的过去分词和过去式"
jump	136	"英[dʒʌmp]
美[dʒʌmp]
跳;跃;跳跃;跳过;跃过;跨越;快速移动;突然移动;障碍物;突升;猛涨;激增"
assess	136	"英[əˈses]
美[əˈses]
评估，评定;估算，估定，核定"
striving	136	"英[ˈstraɪvɪŋ]
美[ˈstraɪvɪŋ]
努力;奋斗;力争;力求;strive的现在分词"
strengthen	136	"英[ˈstreŋθn]
美[ˈstreŋθn]
加强;增强;巩固"
shakespeare	136	"英[ˈʃeɪkspɪər]
美[ˈʃeɪkspir]
莎士比亚(1564-1616，英国诗人、剧作家)"
verify	136	"英[ˈverɪfaɪ]
美[ˈverɪfaɪ]
核实;查对;核准;证明;证实"
released	136	"英[rɪˈliːst]
美[rɪˈliːst]
释放;放出;放走;放开;松开;使自由移动;发泄;宣泄;release的过去分词和过去式"
quest	136	"英[kwest]
美[kwest]
探索，寻找，追求;探索;探求"
retirement	136	"英[rɪˈtaɪəmənt]
美[rɪˈtaɪərmənt]
退休;退职;退休年龄;退休生活;退出，引退"
citizen	136	"英[ˈsɪtɪzn]
美[ˈsɪtɪzn]
公民;居民;市民"
ignorant	136	"英[ˈɪɡnərənt]
美[ˈɪɡnərənt]
不了解的;无知的;愚昧的;无学识的;很无礼的;十分不懂规矩的"
institutions	136	"英[ˌɪnstɪˈtjuːʃənz]
美[ˌɪnstɪˈtuʃənz]
机构;慈善机构;社会福利机构;风俗习惯，制度;institution的复数"
asia	136	"英['eɪʒə]
美[]
亚洲;女子名"
resulted	136	"英[rɪˈzʌltɪd]
美[rɪˈzʌltɪd]
发生;产生;result的过去分词和过去式"
solid	136	"英[ˈsɒlɪd]
美[ˈsɑːlɪd]
固体的;坚硬的;无空隙的;非中空的;实心的;结实的;坚固的;牢固的;固体;立体图形"
mail	136	"英[meɪl]
美[meɪl]
邮政;邮递系统;邮件;信件;邮包;电子邮件;电邮;邮寄;用电子邮件传送;发电邮给"
inequality	136	"英[ˌɪnɪˈkwɒləti]
美[ˌɪnɪˈkwɑːləti]
不平等;不平衡;不平均"
massive	136	"英[ˈmæsɪv]
美[ˈmæsɪv]
巨大的;大而重的;结实的;非常严重的"
preparation	136	"英[ˌprepəˈreɪʃn]
美[ˌprepəˈreɪʃn]
准备;预备;准备工作;配制品，制剂"
circle	136	"英[ˈsɜːkl]
美[ˈsɜːrkl]
圆;圆形;圆周;圆圈;圆形物;环状物;圈;环;盘旋，环行，转圈;围绕…画圈;圈出;圈起"
connected	136	"英[kəˈnektɪd]
美[kəˈnektɪd]
有关的;有联系的;连接;联结;使…连接;接通;connect的过去分词和过去式"
fixed	136	"英[fɪkst]
美[fɪkst]
固定的;不变的;不能变的;不易改变的;执著的;呆板的;使固定;安装;决定，确定;安排;组织;fix的过去分词和过去式"
resist	136	"英[rɪˈzɪst]
美[rɪˈzɪst]
抵制;阻挡;反抗;回击;抵抗;忍住;抵挡"
rival	136	"英[ˈraɪvl]
美[ˈraɪvl]
竞争对手;与…相匹敌;比得上;竞争的"
fought	136	"英[fɔːt]
美[fɔːt]
打仗;战斗;作战;搏斗;打斗;打架;参加;竞争;fight的过去分词和过去式"
sensitivity	136	"英[ˌsensəˈtɪvəti]
美[ˌsensəˈtɪvəti]
体贴;体恤;体察;敏锐的感觉;悟性;容易生气;易被惹恼;敏感"
offices	136	"英[ˈɒfɪsɪz]
美[ˈɔfəsəz]
办公室;办公楼;办事处;问询处，服务处;office的复数"
david	136	"英[ˈdeɪvɪd]
美[ˈdeɪvɪd]
大卫；戴维"
entertainment	136	"英[ˌentəˈteɪnmənt]
美[ˌentərˈteɪnmənt]
娱乐片;文娱节目;表演会;娱乐活动;招待;款待;娱乐"
relies	136	"英[rɪˈlaɪz]
美[rɪˈlaɪz]
依赖;依靠;信赖;信任;rely的第三人称单数"
skilled	136	"英[skɪld]
美[skɪld]
有技能的;熟练的;需要专门技术的"
justices	136	"英[ˈdʒʌstɪsɪz]
美[ˈdʒʌstəsəz]
公平;公正;公道;合理;公平合理;司法制度;法律制裁;审判;justice的复数"
engineers	136	"英[ˌendʒɪˈnɪəz]
美[ˌendʒɪˈnɪrz]
工程师;设计师;机修工;技师;技工;轮机手;机械师;密谋策划;设计制造;改变…的基因结构;engineer的第三人称单数和复数"
besides	136	"英[bɪˈsaɪdz]
美[bɪˈsaɪdz]
除…之外;况且;再说;此外;以及;也"
appreciate	136	"英[əˈpriːʃieɪt]
美[əˈpriːʃieɪt]
欣赏;赏识;重视;感激;感谢;欢迎;理解;意识到;领会"
fatal	136	"英[ˈfeɪtl]
美[ˈfeɪtl]
致命的;灾难性的;毁灭性的;导致失败的"
stated	136	"英[ˈsteɪtɪd]
美[ˈsteɪtɪd]
陈述;说明;声明;规定;公布;state的过去分词和过去式"
chiefly	136	"英[ˈtʃiːfli]
美[ˈtʃiːfli]
主要地;首要地"
defend	136	"英[dɪˈfend]
美[dɪˈfend]
防御;保护;保卫;辩解;辩白;防守"
mysterious	136	"英[mɪˈstɪəriəs]
美[mɪˈstɪriəs]
神秘的;奇怪的;不易解释的;陌生的;诡秘的;故弄玄虚的"
fits	136	"英[fɪts]
美[fɪts]
突发，发作;昏厥;痉挛;一阵;发作，冲动;适合，合身;可容纳，装进;试穿;fit的第三人称单数和复数"
somebody	136	"英[ˈsʌmbədi]
美[ˈsʌmbədi]
同 someone;某人;有人;重要人物，大人物"
count	136	"英[kaʊnt]
美[kaʊnt]
数数;计算总数;把…算入;包括;数出总数;总数;数数，点数;量的计数;伯爵（欧洲一些国家相当于英国earl的贵族封号"
reasonably	136	"英[ˈriːznəbli]
美[ˈriːznəbli]
尚可;过得去;合乎逻辑地;明智地;通情达理地;公平合理地;适度地"
soft	136	"英[sɒft]
美[sɔːft]
软的;柔软的;硬度较低的;较软的;柔滑的;细滑的;细腻的"
assessment	136	"英[əˈsesmənt]
美[əˈsesmənt]
看法;评估;评定;核定;判定;核定的付款额"
vote	136	"英[vəʊt]
美[voʊt]
选票;票;投票;选举;表决;投票总数;选票总数;选出，推举;表明，认为，公认"
symbolic	136	"英[sɪmˈbɒlɪk]
美[sɪmˈbɑːlɪk]
使用象征的;作为象征的;象征性的"
awards	131	"英[əˈwɔːdz]
美[əˈwɔːrdz]
奖;奖品;奖金;奖状;增加;裁定额;裁决;授予;奖励;判给;award的第三人称单数和复数"
minor	131	"英[ˈmaɪnə(r)]
美[ˈmaɪnər]
较小的;次要的;轻微的;小调的;小音阶的;未成年人;辅修科目;辅修课程;辅修"
collected	131	"英[kəˈlektɪd]
美[kəˈlektɪd]
镇静;冷静;泰然;收成全集的;收集;采集;收藏;搜集;聚集;集合;汇集;collect的过去分词和过去式"
possibilities	131	"英[ˌpɒsəˈbɪlɪtiz]
美[ˌpɑsəˈbɪlətiz]
可能;可能性;可选择的方法;机会;契机;possibility的复数"
struck	131	"英[strʌk]
美[strʌk]
撞;碰;撞击;碰撞;打;击;击打，踢;strike的过去分词和过去式"
agent	131	"英[ˈeɪdʒənt]
美[ˈeɪdʒənt]
代理人，经纪人;代理人;原动力，动因"
clients	131	"英[ˈklaɪənts]
美[ˈklaɪənts]
委托人;当事人;客户机;client的复数"
confident	131	"英[ˈkɒnfɪdənt]
美[ˈkɑːnfɪdənt]
自信的;有自信心的;肯定的;确信的;有把握的;知己;心腹朋友"
pole	131	"英[pəʊl]
美[poʊl]
柱子;杆子;棍;杖;极;地极;磁极;电极;用篙撑船;摆船"
opponents	131	"英[əˈpəʊnənts]
美[əˈpoʊnənts]
对手;竞争者;反对者;阻止者;opponent的复数"
pursuits	131	"英[pəˈsjuːts]
美[pərˈsuts]
追求;寻找;追赶;跟踪;追捕;事业;消遣;爱好;pursuit的复数"
pool	131	"英[puːl]
美[puːl]
水坑，水塘，池塘;一滩;一小片;共用的资源;集中资源"
hire	131	"英[ˈhaɪə(r)]
美[ˈhaɪər]
租用;租借;聘用;录用;雇用;临时雇用;租赁;新雇员;新员工"
novel	131	"英[ˈnɒvl]
美[ˈnɑːvl]
小说;新颖的;与众不同的;珍奇的"
mode	131	"英[məʊd]
美[moʊd]
方式;风格;样式;模式，工作状态;状态，状况"
horse	131	"英[hɔːs]
美[hɔːrs]
马;赛马;为…备马;猛推或用力向上举"
foods	131	"英[fuːdz]
美[fudz]
食物;food的复数"
chemical	131	"英[ˈkemɪkl]
美[ˈkemɪkl]
与化学有关的;化学的;用化学方法制造的;化学作用的;化学制品;化学品"
essentially	131	"英[ɪˈsenʃəli]
美[ɪˈsenʃəli]
本质上;根本上;基本上"
mutual	131	"英[ˈmjuːtʃuəl]
美[ˈmjuːtʃuəl]
相互的;彼此的;共有的;共同的"
filling	131	"英[ˈfɪlɪŋ]
美[ˈfɪlɪŋ]
填料;馅;填充物，填料;能填饱肚子的;充满，装满，注满，填满;堵塞，填补;使充满;fill的现在分词"
slavery	131	"英[ˈsleɪvəri]
美[ˈsleɪvəri]
奴隶身份;奴隶制;蓄奴"
draft	131	"英[drɑːft]
美[dræft]
草稿;草案;草图;汇票;运动员选拔制;初步画出或的;正在起草中的，草拟的;以草稿形式的;草图的;起草;草拟;选派;抽调"
heavily	131	"英[ˈhevɪli]
美[ˈhevɪli]
在很大程度上;大量地;以猛力;沉重地;身材壮实"
observers	131	"英[əbˈzɜːvəz]
美[əbˈzɜrvərz]
观察者;观测者;目击者;观察员;旁听者;观察家;评论员;observer的复数"
contains	131	"英[kənˈteɪnz]
美[kənˈteɪnz]
包含;含有;容纳;控制，克制，抑制;防止…蔓延;contain的第三人称单数"
misuse	131	"英[ˌmɪsˈjuːs , ˌmɪsˈjuːz]
美[ˌmɪsˈjuːs , ˌmɪsˈjuːz]
误用;滥用;盗用;虐待"
unclear	131	"英[ˌʌnˈklɪə(r)]
美[ˌʌnˈklɪr]
不清楚的;不确定的;难以掌握的;不完全明白;不理解"
establishment	131	"英[ɪˈstæblɪʃmənt]
美[ɪˈstæblɪʃmənt]
机构;大型组织;企业;旅馆;当权派，权势集团;权威人士;建立;创立;确立"
enable	131	"英[ɪˈneɪbl]
美[ɪˈneɪbl]
使能够;使有机会;使成为可能;使可行;使实现"
december	131	"英[dɪˈsembə(r)]
美[dɪˈsembər]
十二月"
gradual	131	"英[ˈɡrædʒuəl]
美[ˈɡrædʒuəl]
逐渐的;逐步的;渐进的;平缓的;不陡的"
risen	131	"英[ˈrɪzn]
美[ˈrɪzn]
上升;攀升;提高;达到较高水平;起床;起立;站起来;升起;rise的过去分词"
defeat	131	"英[dɪˈfiːt]
美[dɪˈfiːt]
击败;战胜;使困惑;难住;使失败;阻挠;挫败;失败;战败"
clues	131	"英[kluːz]
美[kluːz]
线索，迹象;线索，提示;提示词语，解答提示;clue的复数"
approximately	131	"英[əˈprɒksɪmətli]
美[əˈprɑːksɪmətli]
大概;大约;约莫"
prior	131	"英[ˈpraɪə(r)]
美[ˈpraɪər]
先前的;较早的;在前的;优先的;占先的;较重要的;在前面的;院长;会长，副院长"
core	131	"英[kɔː(r)]
美[kɔːr]
果心，核儿;中心部分;最重要的部分;核心;要点;精髓;最重要的;主要的;基本的;核心成员的;骨干的;去掉的果心;去的核儿"
capture	131	"英[ˈkæptʃə(r)]
美[ˈkæptʃər]
俘虏;俘获;捕获;用武力夺取;攻取;攻占;夺得;赢得;争得"
continental	131	"英[ˌkɒntɪˈnentl]
美[ˌkɑːntɪˈnentl]
欧洲大陆的;随大陆风俗的;北美大陆的;大陆人"
critically	131	"英['krɪtɪkli]
美[ˈkrɪtɪkli]
批判性地；苛求地;危急地；严重地"
calm	131	"英[kɑːm]
美[kɑːm]
镇静的;沉着的;风平浪静的;无风的;使平静;使镇静;平静的时期;宁静的状态;泰然自若"
obtaining	131	"英[əbˈteɪnɪŋ]
美[əbˈteɪnɪŋ]
获得，赢得;存在;流行;沿袭;obtain的现在分词"
react	131	"英[riˈækt]
美[riˈækt]
起反应;作出反应;回应;有不良反应，过敏;起化学反应;发生化学变化"
differently	131	"英['dɪfrəntlɪ]
美[ˈdɪfərəntlɪ]
不同地；相异地"
pressures	131	"英[ˈpreʃəz]
美[ˈpreʃərz]
压力;挤压;压强;大气压;施加压力;迫使;使增压;pressure的第三人称单数和复数"
occasionally	131	"英[əˈkeɪʒnəli]
美[əˈkeɪʒnəli]
偶然;偶尔;有时候"
regards	131	"英[rɪˈɡɑːdz]
美[rɪˈɡɑːrdz]
将…认为;把…视为;看待;注视，凝视;注意;关注;关心;尊重;尊敬;敬佩;致意，问候;regard的第三人称单数和复数"
coupled	131	"英[ˈkʌpld]
美[ˈkʌpld]
连接，结合;性交;交配;couple的过去分词和过去式"
gravity	131	"英[ˈɡrævəti]
美[ˈɡrævəti]
重力;地球引力;严重性;严肃;庄严"
mechanisms	131	"英[ˈmɛkənɪzmz]
美[ˈmɛkəˌnɪzəmz]
机械装置;机件;方法;机制;机制，构造;mechanism的复数"
differs	131	"英[ˈdɪfəz]
美[ˈdɪfərz]
相异;有区别;不同于;意见相左;持不同看法;不同意;differ的第三人称单数"
foundation	131	"英[faʊnˈdeɪʃn]
美[faʊnˈdeɪʃn]
地基;房基;基础;基本原理;根据;基金会"
till	131	"英[tɪl]
美[tɪl]
直到;直到...为止;交款处，收银台;放钱的抽屉;耕作;犁地"
thanks	131	"英[θæŋks]
美[θæŋks]
感谢，谢谢;好的;不用了;感谢;感激;谢意;谢谢，感谢;道谢;thank的第三人称单数和复数"
storm	131	"英[stɔːm]
美[stɔːrm]
暴风雨;和风暴有关的恶劣天气;浪潮;突袭;攻占;气呼呼地疾走;闯;冲;怒吼;大发雷霆"
red	131	"英[red]
美[red]
红的;红色的;充血的;布满血丝的;红肿的;涨红的;通红的;红色;红葡萄酒;左翼人士;激进分子"
painting	131	"英[ˈpeɪntɪŋ]
美[ˈpeɪntɪŋ]
绘画;油画;作画;涂漆;刷油漆;在…上刷油漆;用颜料画;把…描绘成;paint的现在分词"
preferable	131	"英[ˈprefrəbl]
美[ˈprefrəbl]
较适合;更可取"
competitors	131	"英[kəmˈpɛtɪtəz]
美[kəmˈpɛtətərz]
竞争者，对手;参赛者;竞赛者;competitor的复数"
designers	131	"英[dɪˈzaɪnəz]
美[dɪˈzaɪnərz]
设计者;构思者;designer的复数"
sky	131	"英[skaɪ]
美[skaɪ]
天;天空;把击向高空"
signal	131	"英[ˈsɪɡnəl]
美[ˈsɪɡnəl]
信号;暗号;标志;预示;指示灯，信号灯，红绿灯;发信号;发暗号;示意;表明;表达;表示;显示;重大的;显要的"
presents	131	"英[prɪˈzents]
美[prɪˈzents]
礼物;礼品;目前;现在;把…交给;颁发;授予;提出;提交;展现，显示，表现;present的第三人称单数和复数"
region	131	"英[ˈriːdʒən]
美[ˈriːdʒən]
地区，区域，地方;行政区;全部地区，所有区域"
grade	131	"英[ɡreɪd]
美[ɡreɪd]
等级，品级;级别;职别;成绩等级;评分等级;分级，分等，分类;给…评分;给…分数"
expose	131	"英[ɪkˈspəʊz]
美[ɪkˈspoʊz]
陈述，阐述，揭露;暴露;显露;露出;揭露;揭穿;使面临，使遭受"
fortunately	131	"英[ˈfɔːtʃənətli]
美[ˈfɔːrtʃənətli]
幸运地;交好运地;吉利地"
committed	131	"英[kəˈmɪtɪd]
美[kəˈmɪtɪd]
尽心尽力的;坚信的;坚定的;做出;犯;自杀;承诺，保证;commit的过去分词和过去式"
steel	131	"英[stiːl]
美[stiːl]
钢;钢铁工业;兵器;准备对付;下决心应付"
tone	131	"英[təʊn]
美[toʊn]
语气;口气;腔调;口吻;风格;特色;气氛;情调;音质，音色;使更健壮;使更结实;使更有力;与…协调;与…相配"
exaggeration	131	"英[ɪɡˌzædʒəˈreɪʃn]
美[ɪɡˌzædʒəˈreɪʃn]
夸张;夸大;言过其实"
logical	131	"英[ˈlɒdʒɪkl]
美[ˈlɑːdʒɪkl]
必然的;合乎情理的;合乎常理的;符合逻辑的;按照逻辑的"
component	131	"英[kəmˈpəʊnənt]
美[kəmˈpoʊnənt]
组成部分;成分;部件;成分的;组成的;合成的;构成的"
dropping	131	"英[ˈdrɒpɪŋ]
美[ˈdrɑːpɪŋ]
落下，掉下，使落下;降下，使降落;累倒;累垮;drop的现在分词"
stars	131	"英[stɑːz]
美[stɑːrz]
恒星;星;星状物;星形饰物;星号;星级;主演;担任主角;使主演;由…担任主角;标星号;star的第三人称单数和复数"
referred	131	"英[rɪˈfɜːd]
美[rɪˈfɜːrd]
谈及;提到;提及;称…;指;涉及;描述;refer的过去分词和过去式"
considerate	131	"英[kənˈsɪdərət]
美[kənˈsɪdərət]
考虑周到的;为着想的;体谅的;体贴的"
defenders	131	"英[dɪˈfɛndəz]
美[dɪˈfɛndərz]
防守队员;后卫;守卫者;保护人;防御者;defender的复数"
dissatisfied	131	"英[dɪsˈsætɪsfaɪd]
美[dɪsˈsætɪsfaɪd]
不满的;不高兴的;不满意的;使不满意，使失望；使不满足;dissatisfy的过去分词和过去式"
blamed	131	"英[bleɪmd]
美[bleɪmd]
把…归咎于;责怪;指责;blame的过去分词和过去式"
conclusions	131	"英[kənˈkluːʒənz]
美[kənˈkluʒənz]
结论;推论;结束;结果;结尾;结局;签订;达成;缔结;conclusion的复数"
attacks	131	"英[əˈtæks]
美[əˈtæks]
袭击;攻击;进攻;抨击，非难;抨击;非难;attack的第三人称单数和复数"
approaches	131	"英[əˈprəʊtʃɪz]
美[əˈproʊtʃɪz]
靠近，接近;接洽;建议;要求;接近;方式，方法，态度;approach的第三人称单数和复数"
maintained	131	"英[meɪnˈteɪnd]
美[meɪnˈteɪnd]
维持;保持;维修;保养;坚持;固执己见;maintain的过去分词和过去式"
explicitly	131	"英[ɪksˈplɪsɪtli]
美[ɪkˈsplɪsətli]
明确地；明白地"
aims	131	"英[eɪmz]
美[eɪmz]
目的;目标;瞄准;力求达到;力争做到;目的是;旨在;对准;aim的第三人称单数和复数"
retired	131	"英[rɪˈtaɪəd]
美[rɪˈtaɪərd]
已退休的;已退职的;退职;退休;退出;离开;retire的过去分词和过去式"
transfer	131	"英[trænsˈfɜː(r) , ˈtrænsfɜː(r)]
美[trænsˈfɜːr , ˈtrænsfɜːr]
转移，搬迁;调动;转职;转学;改变;转移;传染;让与，转让;搬迁;变换;转会;中转，换乘，改变路线"
sets	131	"英[sets]
美[sets]
一套，一副，一组;一组;一伙人;阶层;团伙;放;置;使处于;使处于某种状况;使开始;把故事情节安排在;以…为…设置背景;set的第三人称单数和复数"
personalities	131	"英[ˌpɜːsəˈnælɪtiz]
美[ˌpɜrsəˈnælɪtiz]
性格;个性;人格;魅力;气质;气度;名人，风云人物;personality的复数"
disadvantaged	131	"英[ˌdɪsədˈvɑːntɪdʒd]
美[ˌdɪsədˈvæntɪdʒd]
弱势的;社会地位低下的;下层社会"
arizona	131	"英[ˌæriˈzəunə]
美[ˌærɪˈzonə]
亚利桑那;亚利桑那州"
gradually	131	"英[ˈɡrædʒuəli]
美[ˈɡrædʒuəli]
逐渐地;逐步地;渐进地"
achieving	131	"英[əˈtʃiːvɪŋ]
美[əˈtʃiːvɪŋ]
达到;完成;成功;achieve的现在分词"
standing	131	"英[ˈstændɪŋ]
美[ˈstændɪŋ]
长期存在的;永久性的;常设的;站着进行的;地位;级别;身份;名声;持续时间;排名，名次;站立;立;直立;站起来;起立;使直立;竖放;使站立;stand的现在分词"
politicians	131	"英[ˌpɒlɪˈtɪʃənz]
美[ˌpɑləˈtɪʃənz]
从政者;政治家;政客;见风驶舵者;投机钻营者;politician的复数"
imposed	131	"英[ɪmˈpəʊzd]
美[ɪmˈpoʊzd]
推行，采用;强制实行;迫使;把…强加于;使接受自己的意见;impose的过去分词和过去式"
india	131	"英[ˈɪndɪə]
美[ˈɪndiə]
印度"
estimate	131	"英[ˈestɪmət , ˈestɪmeɪt]
美[ˈestɪmət , ˈestɪmeɪt]
估计;估价;估计的成本;估算"
morning	131	"英[ˈmɔːnɪŋ]
美[ˈmɔːrnɪŋ]
早晨;上午;午夜至正午的时间;在上午;在早晨;每天上午"
integration	131	"英[ˌɪntɪˈɡreɪʃn]
美[ˌɪntɪˈɡreɪʃn]
结合;整合;一体化;混合，融合"
wild	131	"英[waɪld]
美[waɪld]
自然生长的;野的;野生的;天然的;荒凉的;荒芜的;缺乏管教的;无法无天的;放荡的;自然环境;野生状态;偏远地区;人烟稀少的地区"
fire	131	"英[ˈfaɪə(r)]
美[ˈfaɪər]
火;失火;火灾;炉火;灶火;射击;开火;开枪;射出;射"
approaching	131	"英[əˈprəʊtʃɪŋ]
美[əˈproʊtʃɪŋ]
靠近，接近;接洽;建议;要求;接近;approach的现在分词"
meat	131	"英[miːt]
美[miːt]
肉类;食用肉;重要的部分;有趣的部分"
distinguished	131	"英[dɪˈstɪŋɡwɪʃt]
美[dɪˈstɪŋɡwɪʃt]
卓越的;杰出的;著名的;显得重要的;高贵的;有尊严的;区分;辨别;分清;成为…的特征;使具有…的特色;使有别于;看清;认出;听出;distinguish的过去分词和过去式"
letting	131	"英[ˈletɪŋ]
美[ˈletɪŋ]
出租期限;允许;让;准许;许可;同意;let的现在分词"
meals	131	"英[miːlz]
美[milz]
早餐;一顿饭;一餐所吃的食物;谷物粗粉;meal的复数"
ban	131	"英[bæn]
美[bæn]
明令禁止;取缔;禁止做某事;禁令"
anticipate	131	"英[ænˈtɪsɪpeɪt]
美[ænˈtɪsɪpeɪt]
预料;预期;预见，预计;期盼;期望"
referring	131	"英[rɪˈfɜːrɪŋ]
美[rɪˈfɜːrɪŋ]
谈及;提到;提及;称…;指;涉及;描述;refer的现在分词"
roads	131	"英[rəʊdz]
美[roʊdz]
路;道路;公路;途径;方法;路子;road的复数"
phenomena	131	"英[fɪˈnɒmɪnə]
美[fəˈnɑmənə]
phenomenon 的复数"
enforcement	131	"英[ɪnˈfɔːsmənt]
美[ɪnˈfɔːrsmənt]
执行;实施"
unaware	131	"英[ˌʌnəˈweə(r)]
美[ˌʌnəˈwer]
不知道;没意识到;未察觉"
database	130	"英[ˈdeɪtəbeɪs]
美[ˈdeɪtəbeɪs]
数据库"
railroads	130	"英[ˈreɪlrəʊdz]
美[ˈreɪlroʊdz]
铁路;铁路公司;迫使…仓促行事;强迫…做;强使…草率通过;轻率判处;railroad的第三人称单数和复数"
card	125	"英[kɑːd]
美[kɑːrd]
卡片纸;厚纸片;薄纸板;卡片;信用卡;现金卡;储值卡;梳理;要求出示身份证"
managed	125	"英[ˈmænɪdʒd]
美[ˈmænɪdʒd]
妥善照看的;受监管的;受监督的;完成;勉力完成;能解决;应付;凑合着活下去;支撑;manage的过去分词和过去式"
newton	125	"英[ˈnjuːtən]
美[ˈnuːtən]
牛顿(力的单位，1牛顿等于使1千克质量的物体产生1米每平方秒的加速度所需要的力)"
sitting	125	"英[ˈsɪtɪŋ]
美[ˈsɪtɪŋ]
开会，会议，开庭;一批，一次;一次;坐;使坐;使就座;处在;坐落在;被放在;sit的现在分词"
broke	125	"英[brəʊk]
美[broʊk]
没钱;囊中羞涩;破产;破，裂，碎;弄坏;损坏;坏掉;弄破;使流血;break的过去式"
suicide	125	"英[ˈsuːɪsaɪd]
美[ˈsuːɪsaɪd]
自杀;自杀性行为;自毁;自取灭亡的行为;自杀者"
unconscious	125	"英[ʌnˈkɒnʃəs]
美[ʌnˈkɑːnʃəs]
无知觉的;昏迷的;不省人事的;无意识的;自然流露的;未察觉;未意识到;未注意;无意识"
railroad	125	"英[ˈreɪlrəʊd]
美[ˈreɪlroʊd]
铁路;铁路公司;迫使…仓促行事;强迫…做;强使…草率通过;轻率判处"
represent	125	"英[ˌreprɪˈzent]
美[ˌreprɪˈzent]
代表;作为…的代言人;维护…的利益;等于;相当于;意味着"
behaviour	125	"英[bɪˈheɪvjə(r)]
美[bɪˈheɪvjər]
行为;举止;态度;表现方式，活动方式"
forth	125	"英[fɔːθ]
美[fɔːrθ]
离去;外出;向前;向某处"
channel	125	"英[ˈtʃænl]
美[ˈtʃænl]
电视台;频道;波段;途径;渠道;系统;为…引资;引导;贯注;输送资金，提供帮助;输送，传送"
settle	125	"英[ˈsetl]
美[ˈsetl]
结束;解决;决定，确定，安排好;定居;高背长椅"
acquired	125	"英[əˈkwaɪəd]
美[əˈkwaɪərd]
获得;购得;得到;acquire的过去分词和过去式"
mix	125	"英[mɪks]
美[mɪks]
混合，掺和，融合;调配;配制;相容;平安相处;混合;混杂;结合;配料，混合料;混录;混音"
consciously	125	"英[ˈkɒnʃəsli]
美[ˈkɑnʃəsli]
有意识地，自觉地"
myself	125	"英[maɪˈself]
美[maɪˈself]
我自己;我本人，亲自"
mothers	125	"英[ˈmʌðəz]
美[ˈmʌðərz]
母亲;妈妈;对女修道院院长的尊称;给以母亲的关爱;像母亲般地照顾;mother的第三人称单数和复数"
fly	125	"英[flaɪ]
美[flaɪ]
飞;飞翔;飞行，航行;航行，飞行;蝇;苍蝇;苍蝇，假蝇;前裆开口;机灵的;机警的;不会上当的;时髦迷人的;漂亮的"
bob	125	"英[bɒb]
美[bɑːb]
上下快速移动，摆动;把剪成齐短发;快速的点头;齐短发型;先令(英国旧制硬币，等于12旧便士)"
matches	125	"英[ˈmætʃɪz]
美[ˈmætʃɪz]
火柴;比赛;竞赛;敌手;旗鼓相当的人;般配;相配;相同;相似;相一致;找相称的人;配对;match的第三人称单数和复数"
profound	125	"英[prəˈfaʊnd]
美[prəˈfaʊnd]
巨大的;深切的;深远的;知识渊博的;理解深刻的;深邃的;艰深的;玄奥的"
root	125	"英[ruːt]
美[ruːt]
根;根茎;根部;根源;起因;生根;翻寻;性交"
issued	125	"英[ˈɪʃuːd]
美[ˈɪʃuːd]
宣布;公布;发出;发给，供给;将…诉诸法律;issue的过去分词和过去式"
misleading	125	"英[ˌmɪsˈliːdɪŋ]
美[ˌmɪsˈliːdɪŋ]
误导的;引入歧途的;误导;引入歧途;使误信;mislead的现在分词"
antarctic	125	"英[ænˈtɑːktɪk]
美[ænˈtɑːrktɪk]
南极的；南极地带的"
officer	125	"英[ˈɒfɪsə(r)]
美[ˈɑːfɪsər]
军官;官员，高级职员;警察的头衔;指挥;统率;管理;配置军官"
classes	125	"英[ˈklɑːsɪz]
美[ˈklæsɪz]
班;班级;课;上课;系列课程;把…归入某等级;把…看作;class的第三人称单数和复数"
prepared	125	"英[prɪˈpeəd]
美[prɪˈperd]
准备好;有所准备;愿意;事先做好的;使做好准备;把…预备好;使有准备;防范;预备;做;prepare的过去分词和过去式"
finish	125	"英[ˈfɪnɪʃ]
美[ˈfɪnɪʃ]
完成;做好;结束;吃完，喝光，用尽;最后部分;结尾;结局;末道漆;抛光;成品表面;最后精细加工"
standardized	125	"英[ˈstændədaɪzd]
美[ˈstændərdaɪzd]
使标准化;使符合标准;standardize的过去分词和过去式"
clock	125	"英[klɒk]
美[klɑːk]
时钟;钟;达到;测…的速度;注意到;认出"
moved	125	"英[muːvd]
美[muːvd]
改变位置，移动;变化;改变;转变;前进;进步;进展;move的过去分词和过去式"
rose	125	"英[rəʊz]
美[roʊz]
玫瑰红葡萄酒;粉红葡萄酒;玫瑰;蔷薇;粉红色;莲蓬式喷嘴;粉红色的;上升;攀升;提高;达到较高水平;起床;起立;站起来;升起;rise的过去式"
rage	125	"英[reɪdʒ]
美[reɪdʒ]
暴怒;狂怒;愤怒，暴力行为;发怒;怒斥;猛烈地继续;激烈进行;迅速蔓延;快速扩散"
geological	125	"英[ˌdʒiːəˈlɒdʒɪkl]
美[ˌdʒiːəˈlɑːdʒɪkl]
地质的"
controls	125	"英[kənˈtrəʊlz]
美[kənˈtroʊlz]
管理权，控制权，支配权;控制能力;限制;限定;约束;管理;管制;指挥;控制;掌管;支配;阻止蔓延;control的第三人称单数和复数"
richard	125	"英[ˈrɪtʃəd]
美[ˈrɪtʃərd]
里卡德"
operate	125	"英[ˈɒpəreɪt]
美[ˈɑːpəreɪt]
运转;工作;操作;控制;使运行;使用"
plates	125	"英[pleɪts]
美[pleɪts]
盘子;碟子;一盘所盛之量;一盘;一道主菜;电镀;为…加设护板;覆盖;plate的第三人称单数和复数"
journey	125	"英[ˈdʒɜːni]
美[ˈdʒɜːrni]
旅行，行程;旅行"
ms	125	"英[ˌem ˈes]
美[ˌem ˈes]
毫秒"
openly	125	"英[ˈəʊpənli]
美[ˈoʊpənli]
公开地;毫不隐瞒地"
suppose	125	"英[səˈpəʊz]
美[səˈpoʊz]
认为，推断，料想;假定;假设;设想;我看，要我说，要不"
eliminate	125	"英[ɪˈlɪmɪneɪt]
美[ɪˈlɪmɪneɪt]
排除;清除;消除;淘汰;消灭，干掉"
biomass	125	"英[ˈbaɪəʊmæs]
美[ˈbaɪoʊmæs]
生物量"
mistakes	125	"英[mɪˈsteɪks]
美[mɪˈsteɪks]
错误，失误;错误，口误，笔误;误会;误解;看错;mistake的第三人称单数和复数"
roots	125	"英[ruːts]
美[ruːts]
根;根茎;根部;根源;起因;生根;翻寻;性交;root的第三人称单数和复数"
bright	125	"英[braɪt]
美[braɪt]
光线充足的;明亮的;鲜艳夺目的;快活而生气勃勃的;光亮地;明亮地;前大灯，头灯"
era	125	"英[ˈɪərə]
美[ˈɪrə]
时代;年代;纪元;代"
regardless	125	"英[rɪˈɡɑːdləs]
美[rɪˈɡɑːrdləs]
不顾;不加理会"
undesirable	125	"英[ˌʌndɪˈzaɪərəbl]
美[ˌʌndɪˈzaɪərəbl]
不想要的;不得人心的;易惹麻烦的;不受欢迎的人;不良分子"
agency	125	"英[ˈeɪdʒənsi]
美[ˈeɪdʒənsi]
服务机构;代理机构，经销机构;专门机构"
reputation	125	"英[ˌrepjuˈteɪʃn]
美[ˌrepjuˈteɪʃn]
名誉;名声"
programmes	125	"英[ˈprəʊɡræmz]
美[ˈproʊɡræmz]
计划;方案;活动安排;节目;节目单;演出说明书;规划;安排;训练;培养;预调;预设;programme的第三人称单数和复数"
customs	125	"英[ˈkʌstəmz]
美[ˈkʌstəmz]
海关;关税;进口税;custom的复数"
priority	125	"英[praɪˈɒrəti]
美[praɪˈɔːrəti]
优先事项;最重要的事;首要事情;优先;优先权;重点;优先通行权"
london	125	"英[ˈlʌndən]
美[ˈlʌndən]
伦敦"
printing	125	"英[ˈprɪntɪŋ]
美[ˈprɪntɪŋ]
印刷;印刷术;一次印刷;印刷字体;在纸上印;打印;登载;刊登;发表;print的现在分词"
fails	125	"英[feɪlz]
美[feɪlz]
失败;未能;未做;未履行;不及格;评定不及格;fail的第三人称单数"
restrictions	125	"英[rɪsˈtrɪkʃənz]
美[riˈstrɪkʃənz]
限制规定;限制法规;限制;约束;制约因素;restriction的复数"
domestic	125	"英[dəˈmestɪk]
美[dəˈmestɪk]
本国的;国内的;家用的;家庭的;家务的;喜爱家庭生活的;享受家庭乐趣的;乐于操持家务的;家佣;佣人;家庭纠纷;家庭矛盾"
anxious	125	"英[ˈæŋkʃəs]
美[ˈæŋkʃəs]
焦虑;忧虑;担心;令人焦虑的;流露出忧虑的;渴望;非常希望"
lie	120	"英[laɪ]
美[laɪ]
躺;平躺;平卧;平放;处于，保留，保持;谎言;位置;说谎;撒谎;编造谎言;谎话"
childhood	120	"英[ˈtʃaɪldhʊd]
美[ˈtʃaɪldhʊd]
童年;幼年;孩童时期"
minute	120	"英[ˈmɪnɪt , maɪˈnjuːt]
美[ˈmɪnɪt , maɪˈnjuːt]
分钟;分;一会儿;一会儿的工夫;时刻;将写进会议记录;极小的;微小的;细微的;细致入微的;详细的"
sex	120	"英[seks]
美[seks]
性别;性;男性;女性;雄性;雌性;性行为;性交;性活动;辨识…的性别"
initial	120	"英[ɪˈnɪʃl]
美[ɪˈnɪʃl]
最初的;开始的;第一的;首字母;用姓名的首字母作标记于"
abundant	120	"英[əˈbʌndənt]
美[əˈbʌndənt]
大量的;丰盛的;充裕的"
legislation	120	"英[ˌledʒɪsˈleɪʃn]
美[ˌledʒɪsˈleɪʃn]
法规;法律;立法;制订法律"
virtually	120	"英[ˈvɜːtʃuəli]
美[ˈvɜːrtʃuəli]
几乎;差不多;事实上;实际上;模拟;虚拟;以模拟现实技术"
hostile	120	"英[ˈhɒstaɪl]
美[ˈhɑːstl]
敌意的;敌对的;坚决否定;强烈反对;有阻碍的;不利的"
traditions	120	"英[trəˈdɪʃənz]
美[trəˈdɪʃənz]
传统;传统的信仰;tradition的复数"
surgery	120	"英[ˈsɜːdʒəri]
美[ˈsɜːrdʒəri]
外科手术;外科学;应诊时间;诊室;门诊处"
fresh	120	"英[freʃ]
美[freʃ]
新鲜的;新产的;刚摘的;新近的;新近出现的;新近体验的;新的;不同的;刚刚，才，最新地"
revealed	120	"英[rɪˈviːld]
美[rɪˈviːld]
揭示;显示;透露;显出;露出;展示;reveal的过去分词和过去式"
factual	120	"英[ˈfæktʃuəl]
美[ˈfæktʃuəl]
根据事实的;事实的;真实的"
eating	120	"英[ˈiːtɪŋ]
美[ˈiːtɪŋ]
吃;饮食;吃饭;用餐;eat的现在分词"
enthusiastic	120	"英[ɪnˌθjuːziˈæstɪk]
美[ɪnˌθuːziˈæstɪk]
热情的;热心的;热烈的;满腔热忱的"
delight	120	"英[dɪˈlaɪt]
美[dɪˈlaɪt]
高兴;愉快;快乐;令人高兴的事;乐事;乐趣;使高兴;使愉快;使快乐"
physically	120	"英[ˈfɪzɪkli]
美[ˈfɪzɪkli]
身体上;肉体上;依据自然规律;按自然法则;根本上"
expectation	120	"英[ˌekspekˈteɪʃn]
美[ˌekspekˈteɪʃn]
预料;预期;期待;希望;盼望;期望;指望"
concluding	120	"英[kənˈkluːdɪŋ]
美[kənˈkluːdɪŋ]
断定;推断出;得出结论;结束，终止;达成，订立，缔结;conclude的现在分词"
critic	120	"英[ˈkrɪtɪk]
美[ˈkrɪtɪk]
批评家;评论家;评论员;批评者;挑剔的人"
jumped	120	"英[dʒʌmpt]
美[dʒʌmpt]
跳;跃;跳跃;跳过;跃过;跨越;快速移动;突然移动;jump的过去分词和过去式"
entertaining	120	"英[ˌentəˈteɪnɪŋ]
美[ˌentərˈteɪnɪŋ]
有趣的;娱乐的;使人愉快的;招待，款待;使有兴趣;使快乐;娱乐;心存，怀有;entertain的现在分词"
durable	120	"英[ˈdjʊərəbl]
美[ˈdʊrəbl]
耐用的;持久的;耐用品;耐久品"
manners	120	"英[ˈmænəz]
美[ˈmænərz]
方式;方法;举止;态度;礼貌;礼仪;manner的复数"
twelve	120	"英[twelv]
美[twelv]
十二"
favorite	120	"英[ˈfeɪvərɪt]
美[ˈfeɪvərɪt]
特别受喜爱的;特别喜爱的人；受宠的人；得到偏爱的人;宠臣；亲信，心腹;最有希望获胜者"
favorable	120	"英[ˈfeɪvərəbl]
美[ˈfeɪvərəbəl]
赞许的，赞同的;有利的，顺利的;令人愉快的；讨人喜欢的"
links	120	"英[lɪŋks]
美[lɪŋks]
联系;连接;关系;纽带;交通路线;通讯手段;把连接起来;相关联;说明有联系;link的第三人称单数和复数"
causing	120	"英[ˈkɔːzɪŋ]
美[ˈkɔːzɪŋ]
使发生;造成;引起;导致;cause的现在分词"
olympic	120	"英[əˈlɪmpɪk]
美[əˈlɪmpɪk]
奥林匹克运动会的;奥林匹克运动会比赛项目"
behave	120	"英[bɪˈheɪv]
美[bɪˈheɪv]
表现;表现得体;有礼貌;表现得…的"
doubts	120	"英[daʊts]
美[daʊts]
疑惑;疑问;不确定;不相信;无把握;不能肯定;认为…未必可能;怀疑;不信任;doubt的第三人称单数和复数"
disappointment	120	"英[ˌdɪsəˈpɔɪntmənt]
美[ˌdɪsəˈpɔɪntmənt]
失望;沮丧;扫兴;使人失望的人;令人扫兴的人"
automobile	120	"英[ˈɔːtəməbiːl]
美[ˈɔːtəməbiːl]
汽车"
dates	120	"英[deɪts]
美[deɪts]
日期;日子;年代;时期;时候;会晤时间;约见时间;注明日期;写上日期;确定年代;过时;不流行;date的第三人称单数和复数"
maturity	120	"英[məˈtʃʊərəti]
美[məˈtʃʊrəti]
成熟;成年;完全长成;到期"
nobel	120	"英[nəʊˈbɛl]
美[noʊˈbɛl]
诺贝尔（Alfred Bernhard，1833—1896，瑞典制造家，发明家及慈善家，创设诺贝尔奖金）"
contempt	120	"英[kənˈtempt]
美[kənˈtempt]
蔑视;轻蔑;鄙视;藐视，不顾"
restored	120	"英[rɪˈstɔːd]
美[rɪˈstɔːrd]
恢复;使复原;使复位;使复职;修复;整修;restore的过去分词和过去式"
arguing	120	"英[ˈɑːɡjuːɪŋ]
美[ˈɑːrɡjuːɪŋ]
争论;争吵;争辩;论证;说理;证明;表明;argue的现在分词"
fascinated	120	"英[ˈfæsɪneɪtɪd]
美[ˈfæsɪneɪtɪd]
入迷的;极感兴趣的;深深吸引;迷住;fascinate的过去分词和过去式"
seeks	120	"英[siːks]
美[siːks]
寻找;寻求;谋求;争取;请求;seek的第三人称单数"
divorced	120	"英[dɪˈvɔːst]
美[dɪˈvɔːrst]
离婚的;离异的;表现得不受影响的;脱离…的;与离婚;判离婚;使分离;使脱离;divorce的过去分词和过去式"
twentieth	120	"英[ˈtwentiəθ]
美[ˈtwentiəθ]
第二十;二十分之一;二十日第二十"
varied	120	"英[ˈveərid]
美[ˈverid]
各种各样的;形形色色的;不相同的;变化的;多变的;不同的;相异，不同，有别;变化，改变;变更;改变;vary的过去分词和过去式"
sale	120	"英[seɪl]
美[seɪl]
出售;销售;销售量;销售部"
classical	120	"英[ˈklæsɪkl]
美[ˈklæsɪkl]
古典的;经典的;传统的;和古希腊与古罗马文化相关的;受古希腊与古罗马文化影响的"
disregard	120	"英[ˌdɪsrɪˈɡɑːd]
美[ˌdɪsrɪˈɡɑːrd]
不理会;不顾;漠视;忽视"
prolonged	120	"英[prəˈlɒŋd]
美[prəˈlɔːŋd]
持久的;长期的;延长;prolong的过去分词和过去式"
lasting	120	"英[ˈlɑːstɪŋ]
美[ˈlæstɪŋ]
继续存在的;持久的;耐久的;持续;继续;延续;继续存在;持续起作用;持久;坚持下去;超越;last的现在分词"
excuse	120	"英[ɪkˈskjuːs , ɪkˈskjuːz]
美[ɪkˈskjuːs , ɪkˈskjuːz]
借口;理由;辩解;拙劣样品;蹩脚货;原谅;宽恕;为…辩解;准许…离开;请求准予离开;请求原谅"
thinks	120	"英[θɪŋks]
美[θɪŋks]
认为;以为;想;思考;思索;思想;琢磨;think的第三人称单数"
remained	120	"英[rɪˈmeɪnd]
美[rɪˈmeɪnd]
仍然是;保持不变;剩余;遗留;继续存在;仍需去做;remain的过去分词和过去式"
