the	57914	"英[ðə , ði]
美[ðə , ði]
指已提到或易领会到的人或事物;指独一无二的、正常的或不言而喻的人或事物;解说时用"
of	31568	"英[ɒv , əv]
美[əv , ʌv]
属于;关于;部分的;出身于;住在"
to	28747	"英[tu , tə]
美[tu , tə]
向，朝，往，对着;位于…方向;到，达;表示目的或意图;表示结果;表示原因;关着;关闭;关上"
and	20154	"英[ənd , ænd]
美[ənd , ænd]
和;与;同;又;而;加;加上;然后;接着"
in	20045	"英[ɪn]
美[ɪn]
在某一点;在中;在…内;在…中;进入;在里面;在内;在家里;在工作单位;流行的;时髦的;执政者;门路;知情者"
is	13837	"英[ɪz]
美[ɪz]
be 的第三人称单数现在时形式，常放在其他词后缩写为 -’s"
that	13461	"英[ðæt , ðət]
美[ðæt , ðət]
那，那个;那;那， 那个;那，那种，那些;用于某些动词、形容词和名词后，引出从句;如此…以至;多么;那样，那么;不很;不那么;那么"
for	9611	"英[fɔː(r) , fə(r)]
美[fɔːr , fər]
给，对，供;以帮助;为了;关于;因为;由于"
it	8799	"英[ɪt]
美[ɪt]
它;指婴儿，尤指性别不详者;指已知或正在发生的事实或情况"
are	8179	"英[ɑː(r) , eə(r)]
美[ɑːr , er]
是（be的第二人称单复数现在时，第一、三人称复数现在时）;公亩(等于100平方米)"
be	8004	"英[bi]
美[bi]
有;存在;位于;在;发生;与过去分词连用构成被动语态;与现在分词连用构成进行时;用于反意疑问句"
as	7596	"英[æz , əz]
美[æz , əz]
像;如同;作为;当作;像…一样，如同;和…一样;当…时;随着;照…方式;因为;由于"
on	7324	"英[ɒn]
美[ɑːn]
在…上;由…支撑着;在上;表示持续性;向前;穿在身上;穿着;戴着"
with	6283	"英[wɪð]
美[wɪð]
和…在一起;和;同;跟;有;具有;带有;用;使用;以;借"
have	5968	"英[hæv , həv]
美[hæv , həv]
有;持有;占有;由…组成;显示出，带有;与过去分词连用构成完成时"
by	5728	"英[baɪ]
美[baɪ]
靠近;在…旁边;常置于表示被动的动词后，表示使为者;表示方式;经过;表示保留或保存时用;短暂拜访"
not	5314	"英[nɒt]
美[nɑːt]
(构成动词be、do和have及情态动词can或must等的否定形式，常缩略为n't)不，没有;不;(用于hope、expect、believe等动词后，作为否定的回答)不"
they	4938	"英[ðeɪ]
美[ðeɪ]
他们;她们;它们;用以代替he或she，指性别不详的人;人们，人人，众人"
you	4868	"英[ju]
美[jə]
你;您;你们;与名词及形容词连用，直接称呼某人;泛指任何人"
their	4606	"英[ðeə(r)]
美[ðer]
他们的;她们的;它们的;在提及性别不详的人时，用以代替his或her"
but	4486	"英[bət , bʌt]
美[bət , bʌt]
而;相反;然而;尽管如此;表示歉意时说;除了;除…之外;只有;仅仅;借口;推辞"
from	4481	"英[frəm]
美[frəm]
从…起，始于;从…开始;寄自，得自"
or	4383	"英[ɔː(r)]
美[ɔːr]
或，或者，还是;也不;否则，不然"
more	4377	"英[mɔː(r)]
美[mɔːr]
更多的，更大的;更;更强，更多;many的比较级;much的比较级"
we	4301	"英[wi]
美[wi]
我们;咱们;人们"
this	4127	"英[ðɪs]
美[ðɪs]
这，这个;这;这，这样;这样;这么"
at	4067	"英[æt , ət]
美[æt , ət]
在"
has	4034	"英[həz]
美[həz]
have 的第三人称单数现在时形式"
he	3980	"英[hi , hiː]
美[hi , hiː]
他;它;人;指上帝;雄性;雄性动物"
one	3942	"英[wʌn]
美[wʌn]
一;(正式用语或表强调，用在hundred、thousand等或度量单位之前)一;单独一个，仅仅一个;用来避免重复已提过的或是听者已知的事物的名称;用于辨别所谈的人或事;其中的一个人"
which	3936	"英[wɪtʃ]
美[wɪtʃ]
哪一个;哪一些;…的那个，…的那些;那个，那些"
will	3920	"英[wɪl]
美[wɪl]
将;愿，要，会，定要;烦劳别人做事时用;想要;希望;愿意;喜欢;立定志向;决心;决意;立遗嘱将赠与;立遗嘱赠与;意志;毅力;自制力;意愿;心愿;遗嘱"
an	3904	"英[ən]
美[ən]
一;任何一"
was	3849	"英[wəz]
美[wəz]
be的第一和第三人称单数过去式"
can	3844	"英[kæn , kən]
美[kæn , kən]
能，会;懂得;与动词feel、hear、see、smell、taste 连用;金属罐;一听;金属容器，塑料容器;把装罐保存;让…卷铺盖走人;炒…的鱿鱼"
his	3604	"英[hɪz]
美[hɪz]
他的;上帝的;属于上帝的;属于他的"
all	3430	"英[ɔːl]
美[ɔːl]
所有;全部;全体;一切;全部的，整个的;唯一的事物;所有的事物;完全;很;十分;非常;太;过分"
your	3397	"英[jɔː(r)]
美[jʊr]
你的;您的;你们的;大家的，人们的;指有名或经常被谈论的人或事物"
people	3277	"英[ˈpiːpl]
美[ˈpiːpl]
人;人们;大家;人民，国民;民族;种族;居住在;把…挤满人;住满居民;person的复数"
points	3272	"英[pɔɪnts]
美[pɔɪnts]
论点;观点;见解;重点;要点;核心问题;意图;目的;理由;指，指向;瞄准;对着;朝向;point的第三人称单数和复数"
should	3196	"英[ʃʊd , ʃəd]
美[ʃʊd , ʃəd]
应该，应当;该，可以;应该会，可能"
been	3152	"英[biːn]
美[bɪn]
曾经到过;are的过去分词;be的过去分词"
there	3147	"英[ðeə(r)]
美[ðer]
表示存在或发生;在那里;到那里;往那里;存在的;现有的;可得到的;你瞧，好啦，得啦"
if	3098	"英[ɪf]
美[ɪf]
如果;假若;倘若;当;无论何时;每次;与will或would连用，表示客气地请求;不确定的情况"
what	3071	"英[wɒt]
美[wɑːt]
什么;…的事物;无论什么;凡是…的事物;多么;真;太"
than	3060	"英[ðæn , ðən]
美[ðæn , ðən]
比;多于，小于，少于;就"
section	2787	"英[ˈsekʃn]
美[ˈsekʃn]
部分;部门;部件;散件;节;款;项;段;切开;切断;做切片;强制入院治疗"
about	2776	"英[əˈbaʊt]
美[əˈbaʊt]
大约;左右;将近;几乎;到处;处处;各处;关于;对于;目的是;为了;涉及…方面;忙于;从事于;在附近的;四处走动的;在起作用的;在流行中的"
its	2749	"英[ɪts]
美[ɪts]
它的，他的，她的"
so	2727	"英[səʊ]
美[soʊ]
这么，这样，那么，那样，如此;很;极;不如…;不像…;因此，所以;因此;为了，以便"
were	2717	"英[wə(r)]
美[wər]
be 的过去时复数和第二人称单数形式;有时代替 was，用于条件从句、动词 wish 之后等"
when	2700	"英[wen]
美[wen]
什么时候;何时;什么情况下;什么场合下;在那时;其时;当时;当场;在…时候;当…时;在…期间;在…之后;在任何…时候"
answer	2684	"英[ˈɑːnsə(r)]
美[ˈænsər]
答复;回答;答案，正确答案;解决办法，答案;适合;符合;比得上;相配"
who	2678	"英[huː]
美[huː]
谁，什么人;表示所指的人;进一步提供有关某人的信息"
our	2667	"英[ˈaʊə(r) , ɑː(r)]
美[aʊər , ɑːr]
我们的;用于称上帝或圣人"
new	2662	"英[njuː]
美[nuː]
刚出现的;新的;新近推出的;新东西;新事物;新买的"
had	2597	"英[həd]
美[həd]
had 有时代替 if 用于从句句首，表示某种情况可能发生但并未发生;有;持有;占有;由…组成;显示出，带有;have的过去分词和过去式"
may	2559	"英[meɪ]
美[meɪ]
也许，可能;也许;可以;山楂花"
some	2559	"英[səm , sʌm]
美[səm , sʌm]
一些，若干;某些，部分，有的;好些;不少的;相当多的;有些人，有些事物;部分;有的;有些;若干;(用于数词前，意同approximately)大约，差不多;稍微;有点"
do	2520	"英[duː , də , dəʊ]
美[duː , də , doʊ]
做，干，办;做;行动;表现;进展，进行;用于实义动词前构成否定句和疑问句;构成附加疑问句;代替实义动词以避免重复;社交聚会;社交活动;事件;诈骗;宴会;必须做到的事情"
would	2515	"英[wʊd , wəd]
美[wʊd , wəd]
(will的过去式，用于转述)将，将会;带出想象的结果;就会;想要;希望;愿意;喜欢;立定志向;决心;决意;立遗嘱将赠与;立遗嘱赠与;will的过去式"
only	2477	"英[ˈəʊnli]
美[ˈoʊnli]
仅有的;唯一的;最好的;最适当的;只;只有;仅;仅在…情况下;只不过;仅…而已;不过;但是;可是"
up	2472	"英[ʌp]
美[ʌp]
向较高位置;向上;在上面;向较高水平;加大;增高;朝的方向;向…的地方;向，在;沿着;顺着;向…上游;溯流而上;向上的;往上移动的;高兴;快乐;激动;在运行;突然移动;突然做;提高…的价格;效用通路"
part	2461	"英[pɑːt]
美[pɑːrt]
部分;片段;一点;成员;成分;离开;分别;分离;分开;隔离;分散;解散;由两部分构成;在一定程度上;部分地"
into	2461	"英[ˈɪntu]
美[ˈɪntu]
到…里面;进入;朝;向;对着;撞上;碰上"
many	2455	"英[ˈmeni]
美[ˈmeni]
许多(与复数名词及动词连用，尤用于否定句或正式用语，表示大量;也用于疑问句以询问数字大小，并可与as、so 和 too 连用);大多数人;许多，大量;许多;多的"
no	2444	"英[nəʊ , nəʊz]
美[noʊ , noʊz]
不;没有;不是;不，不要;无;不准;禁止;没有可能;(与not同义，用于形容词和副词前)不;否定的回答;作否定回答的人;投反对票者"
most	2428	"英[məʊst]
美[moʊst]
最多，最大;大多数;几乎所有;最;最大，最多，最高;非常;极其;完全;many的最高级;much的最高级"
text	2379	"英[tekst]
美[tekst]
正文，本文;文本;文档;演讲稿;剧本;文稿;发短信"
other	2357	"英[ˈʌðə(r)]
美[ˈʌðər]
另外;其他;那个，另一个;其余的，另外的"
each	2243	"英[iːtʃ]
美[iːtʃ]
各自，各个，每个"
out	2221	"英[aʊt]
美[aʊt]
出来;不在家;不在工作地点;外出;出去;离开边缘;回避的方法;托词;出路;揭露，公布"
them	2194	"英[ðəm]
美[ðəm]
他们;她们;它们;指性别不详的人时，用以代替him或her"
time	2188	"英[taɪm]
美[taɪm]
时间;时间，钟点，时刻;时，时间;为…安排时间;选择…的时机;计时;测定…所需的时间;在某一时刻击球"
such	2079	"英[sʌtʃ]
美[sʌtʃ]
这样的，那样的，类似的;这样的，下述一类的;这样，非常，如此程度"
much	2074	"英[mʌtʃ]
美[mʌtʃ]
(与不可数名词连用，尤用于否定句;或与how连用以询问数量;也可与as、so和too连用)许多，大量，多少;非常;更加;很"
following	2074	"英[ˈfɒləʊɪŋ]
美[ˈfɑːloʊɪŋ]
接着的;下述的;下列的;拥护者，追随者;下述;下列;如下;在以后;由于;跟随;跟着;在…后发生，因…而发生;在…后做;follow的现在分词"
world	2052	"英[wɜːld]
美[wɜːrld]
世界;地球;天下;某地域的人类社会;星球，天体"
these	1992	"英[ðiːz]
美[ðiːz]
这些，他们;这些;一些"
life	1981	"英[laɪf]
美[laɪf]
生命;人命;性命;人的存活;生物;活物"
make	1943	"英[meɪk]
美[meɪk]
制造;做;组装;写;出产;制订;铺床;品牌，型号"
because	1916	"英[bɪˈkɒz]
美[bɪˈkɔːz]
因为"
now	1916	"英[naʊ]
美[naʊ]
现在;目前;此刻;从现在开始;表示厌烦;既然;由于"
work	1872	"英[wɜːk]
美[wɜːrk]
做体力工作;劳动;干活;受雇于;从事…工作;使工作;使卖力干活;工作;职业;职责;工作内容;活计"
well	1834	"英[wel]
美[wel]
好;对;令人满意地;完全地;彻底地;全部地;很;相当;大大地;远远地;健康;身体好;状态良好;情况良好;明智;可取;好主意;哎呀，哟，啊，好啦;唉，好吧;嗯;井;水井;楼梯井;电梯井道;律师席;涌出;冒出;流出;溢出;涌起;迸发"
even	1829	"英[ˈiːvn]
美[ˈiːvn]
甚至，连，即使;甚至更，愈加，还;甚至可以说，其实，实际上;平滑的;平的;平坦的;变化不大的，均匀的，平稳的;相等的;均等的;平;相等;变平"
how	1818	"英[haʊ]
美[haʊ]
怎样;如何多少，多么，多大"
use	1812	"英[juːz , juːs]
美[juːz , juːs]
使用;利用;运用;消耗;说，写，使用;用;得到利用;用途;功能;用法;使用权;使用的机会"
first	1802	"英[fɜːst]
美[fɜːrst]
第一;最重要的;首要的;最优秀的;首先;最初;第一次;首次;第一个人;空前的成就;前所未有的事情;一挡，最低挡"
years	1796	"英[jɪəz]
美[jɪrz]
年;日历年;一年时间;与某事相关的一年;年度;year的复数"
those	1769	"英[ðəʊz]
美[ðoʊz]
用来对已经提及的事物作补充说明;人们;人;那些;用于提供更多的细节、信息"
sheet	1769	"英[ʃiːt]
美[ʃiːt]
床单;被单;一张;薄片，薄板"
must	1769	"英[mʌst , məst]
美[mʌst , məst]
必须;一定;应该，得;必须做的事"
over	1709	"英[ˈəʊvə(r)]
美[ˈoʊvər]
从直立位置向下和向外;落下;倒下;从一侧到另一侧;翻转;穿过;在…上面;悬在…上面;向…上方;从一边到另一边;穿越;一轮投球"
way	1698	"英[weɪ]
美[weɪ]
方法;手段;途径;方式;作风;风度;样子;行为方式，生活方式，习俗;很远;大量"
take	1682	"英[teɪk]
美[teɪk]
携带;拿走;取走;运走;带去;引领;使达到，把…推向，把…带到;场景，镜头;收入额;进项;看法;意见"
social	1682	"英[ˈsəʊʃl]
美[ˈsoʊʃl]
社会的;社会上的;社会地位的;社交的;交际的;联谊的;联谊会;联欢会"
best	1671	"英[best]
美[best]
最好的;最出色的;最优秀的;最愉快的;最幸福的;最合适的;最恰当的;最;最高程度地;最出色地;最高标准地;最适合地;最恰当地;最好的事物;最高标准;最合乎要求的事物;打败;胜过;good的最高级;well的最高级"
read	1666	"英[riːd , red]
美[riːd , red]
识字;阅读;读懂;读;朗读;读到;查阅到;读书;好的读物;好书;博学的;熟知的;精通的"
could	1660	"英[kʊd , kəd]
美[kʊd , kəd]
用于can的过去时;能，可以;能;把装罐保存;让…卷铺盖走人;炒…的鱿鱼;can的过去分词和过去式"
like	1655	"英[laɪk]
美[laɪk]
相似;类似;像;…怎么样;符合…的特点，像…才会;喜欢;喜爱;喜欢做;想;要;希望;像…一样;如同;好像;仿佛;似乎;喜好;爱好;类似的人;种类，类型;类似的;相似的;大概，可能;我说，他说，她说;(非正式口语，代替as)和…一样，如，像"
also	1638	"英[ˈɔːlsəʊ]
美[ˈɔːlsoʊ]
而且;此外;也;同样"
being	1627	"英[ˈbiːɪŋ]
美[ˈbiːɪŋ]
存在;生存;生物;思想感情;身心;are的现在分词;be的现在分词"
long	1605	"英[lɒŋ]
美[lɔːŋ]
长的;长;长时间的;长久的;长期的;长期地;长久地;很久地;用于名词后强调某事发生在某整段时间;渴望"
us	1605	"英[əs]
美[əs]
我们;我"
example	1583	"英[ɪɡˈzɑːmpl]
美[ɪɡˈzæmpl]
实例;例证;例子;典型;范例;样品;榜样;楷模;模范"
two	1567	"英[tuː]
美[tuː]
二"
then	1557	"英[ðen]
美[ðen]
当时，那时;到那时，届时;然后;接着;其后;后来;那么;因此;既然如此;当时的"
any	1551	"英[ˈeni]
美[ˈeni]
(与不可数或复数名词连用，用于否定句和疑问句，也用于if或whether之后，或紧接某些动词如prevent、ban、forbid等)任何的，任一的;任一;非一般的;不寻常的;(用于否定句和疑问句中或if、whether后)任何数量，任一数额;任何一些;一点儿也，完全，丝毫;根本"
very	1545	"英[ˈveri]
美[ˈveri]
很，非常，十分，极;(强调形容词最高级或置于own前)完全，十足;完全同样;完全同一;正是的，恰好的，同一的;最…的，极端的，十足的;仅仅的，唯独的，甚至于"
before	1529	"英[bɪˈfɔː(r)]
美[bɪˈfɔːr]
在…以前;在…面前;在前面;到…为止;到…之前;以免;不然;以前;过去;已经"
good	1512	"英[ɡʊd]
美[ɡʊd]
好的;优质的;符合标准的;可接受的;令人愉快的;令人满意的;合情理的;有说服力的;有充分根据的;合乎道德的行为;正直的行为;善行;有道德的人;高尚的人;好人;用处;好处;益处;好"
english	1512	"英[ˈɪŋɡlɪʃ]
美[ˈɪŋɡlɪʃ]
英语;英文;英语语言文学;英语学科;英格兰人;英格兰的;英格兰人的;英语的"
four	1491	"英[fɔː(r)]
美[fɔːr]
四;四个;第四四的;四个一组之物"
chinese	1480	"英[ˌtʃaɪˈniːz]
美[ˌtʃaɪˈniːz]
中国的;中国人;华裔;华人;中国话;汉语;中文"
last	1464	"英[lɑːst]
美[læst]
最后的;最末的;末尾的;最近的;上一个的;仅剩下的;最终的;最后;最终;终结;最新;最近;上一次;最后来的人;仅剩下的部分;持续;继续;延续;继续存在;持续起作用;持久;坚持下去;超越;鞋楦"
between	1448	"英[bɪˈtwiːn]
美[bɪˈtwiːn]
在…中间，介于…之间;在…之间，在…中间;介于…之间"
often	1442	"英[ˈɒfn]
美[ˈɔːfn]
时常;常常;往往;大多"
after	1442	"英[ˈɑːftə(r)]
美[ˈæftər]
在…后;表示反复不断或一个接着一个;跟随;追赶;在后面;在…以后;后来;以后;后来的;以后的"
information	1436	"英[ˌɪnfəˈmeɪʃn]
美[ˌɪnfərˈmeɪʃn]
信息;消息;情报;资料;资讯"
children	1430	"英[ˈtʃɪldrən]
美[ˈtʃɪldrən]
child 的复数"
questions	1415	"英[ˈkwestʃənz]
美[ˈkwestʃənz]
问题;疑问;事情;议题;课题;怀疑;困惑;正式提问;质询;问;表示疑问;question的第三人称单数和复数"
just	1414	"英[dʒʌst]
美[dʒʌst]
正好;恰好;正当…时;不少于;同样;公正的;正义的;正当的;合理的;正直的人;公正的人;合适的;恰当的"
according	1409	"英[əˈkɔːdɪŋ]
美[əˈkɔːrdɪŋ]
给予，赠予，授予;一致，符合，配合;accord的现在分词"
still	1409	"英[stɪl]
美[stɪl]
还;还是;仍然;依旧;但;不过;还要，更;静止的;平静的;安静的;寂静的;无风的;不含碳酸气的;不起泡的;定格画面;剧照;蒸馏器;静止，平静，安静"
directions	1402	"英[dɪˈrɛkʃənz]
美[dəˈrɛkʃənz]
方向;方位;趋势;动向;方面;direction的复数"
reading	1393	"英[ˈriːdɪŋ]
美[ˈriːdɪŋ]
阅读;读书活动;宣读;读本;读物;阅读材料;识字;读懂;读;朗读;读到;查阅到;read的现在分词"
made	1393	"英[meɪd]
美[meɪd]
…制造的;制作…的;制造;做;组装;写;出产;制订;铺床;make的过去分词和过去式"
him	1392	"英[hɪm]
美[hɪm]
他，它"
author	1382	"英[ˈɔːθə(r)]
美[ˈɔːθər]
著者;作者;作家;创造者，发起人;著作;写作;编写"
write	1377	"英[raɪt]
美[raɪt]
书写;写字;写作;作曲;编写;写信"
too	1377	"英[tuː]
美[tuː]
太，过于，过度;也;又;还;而且"
while	1371	"英[waɪl]
美[waɪl]
在…期间;当…的时候;与…同时;…而，…然而;一段时间;一会儿;消磨;轻松地度过"
research	1370	"英[rɪˈsɜːtʃ]
美[ˈriːsɜːrtʃ , rɪˈsɜːrtʃ]
研究;调查;探索;探讨"
off	1360	"英[ɒf]
美[ɔːf]
离开;距，离;用以表示除去了某物;起跑;从落下;离，距;偏离;从…去掉;从…移开;不新鲜;变质;不礼貌;不热情;冷淡;不能接受;难以容忍;不行;杀死"
great	1360	"英[ɡreɪt]
美[ɡreɪt]
大的;巨大的;数量大的;众多的;很;非常的;很多的;极大的;名人;伟人;伟大的事物;很好地;极好地;很棒地"
human	1348	"英[ˈhjuːmən]
美[ˈhjuːmən]
人的;显示人类特有弱点的;人本性的;有人情味的;通人情的;人"
choose	1344	"英[tʃuːz]
美[tʃuːz]
选择;挑选;选取;宁愿;情愿;决定"
through	1338	"英[θruː]
美[θruː]
从…一端至另一端;穿过;贯穿;透过…看到;隔着…听到;自始至终;从头到尾;从一端到另一端;通过;从头至尾;直达的，直通的，联运的，全程的;直达的;直通的"
today	1333	"英[təˈdeɪ]
美[təˈdeɪ]
在今天;在今日;现在;当今;当代;今天;今日"
my	1332	"英[maɪ]
美[maɪ]
我的;用于感叹句，表示吃惊等;称呼别人时使用，表示亲切"
science	1332	"英[ˈsaɪəns]
美[ˈsaɪəns]
科学;自然科学;自然科学的学习与研究;理科;自然科学学科"
same	1322	"英[seɪm]
美[seɪm]
同一的;相同的;相同的，一模一样的;同样的事物，相同的事物;相同，一样;同一个人;同样"
get	1322	"英[ɡet]
美[ɡet]
收到;接到;获得;得到;挣得"
words	1317	"英[wɜːdz]
美[wɜːrdz]
单词;词;字;说的话;话语;言语;诺言;许诺;保证;措辞;用词;word的第三人称单数和复数"
her	1310	"英[hə(r)]
美[hər]
她;她的"
however	1306	"英[haʊˈevə(r)]
美[haʊˈevər]
无论到什么程度，不管多么;不管怎样;无论如何;然而;不过;仍然"
year	1300	"英[jɪə(r)]
美[jɪr]
年;日历年;一年时间;与某事相关的一年;年度"
become	1295	"英[bɪˈkʌm]
美[bɪˈkʌm]
开始变得;变成;适合;与…相称;使显得漂亮;使好看"
help	1294	"英[help]
美[help]
帮助;协助;援助;改善状况;促进;促使;搀扶;带领;有助益的东西;有用"
another	1290	"英[əˈnʌðə(r)]
美[əˈnʌðər]
又一;再一;另一;不同的;类似的"
paragraph	1289	"英[ˈpærəɡrɑːf]
美[ˈpærəɡræf]
段;段落;将…分段;写短文报导"
where	1279	"英[weə(r)]
美[wer]
在哪里;到哪里;处于哪种情形;在那，到那;在那里;在该处;在该情况下;…的地方;…情况下;地方;场所哪里"
public	1278	"英[ˈpʌblɪk]
美[ˈpʌblɪk]
平民的;大众的;公众的;百姓的;公共的;公立的;政府的;有关政府所提供服务的;平民;百姓;民众;志趣相同的群体"
without	1267	"英[wɪˈðaʊt]
美[wɪˈðaʊt]
没有;缺乏;不和…在一起;无…相伴;不用;不拿;不带"
american	1267	"英[əˈmerɪkən]
美[əˈmerɪkən]
美洲人;美国人;美国英语;美洲的;美国的"
she	1267	"英[ʃi]
美[ʃi]
她;它;女性;雌性;雌性动物"
might	1262	"英[maɪt]
美[maɪt]
(may的过去时，用于间接引语)可能，可以;可能;可以;强大力量;威力"
given	1262	"英[ˈɡɪvn]
美[ˈɡɪvn]
已经安排好的;规定的;指定的;所述的;特定的;考虑到;鉴于;假设事实;给;交给;赠送;赠与;送给;提供，供给，供应;give的过去分词"
own	1262	"英[əʊn]
美[oʊn]
自己的，本人的;自己做的;为自己的;拥有，有;承认"
does	1257	"英[dʌz]
美[dʌz]
do 的第三人称单数现在时形式"
less	1256	"英[les]
美[les]
较少的，更少的;较少;较小;更少;更小;没那么多;少;减去;扣除;小的;比较小的;可爱的，可怜的，讨厌的;年幼的;幼小的;little的比较级"
business	1245	"英[ˈbɪznəs]
美[ˈbɪznəs]
商业;买卖;生意;商务;公事;营业额;贸易额;营业状况"
man	1240	"英[mæn]
美[mæn]
成年男子;男人;人类;人;在…岗位上工作;操纵;配备;嘿，天哪"
find	1235	"英[faɪnd]
美[faɪnd]
发现，碰到;找到;找回;发现，查明，找出，求得;发现物，被发现的人"
need	1235	"英[niːd]
美[niːd]
需要;必需;有必要;必须;特别需要;迫切要求;需要的事物;欲望"
better	1235	"英[ˈbetə(r)]
美[ˈbetər]
较好的;更好的;能力更强的;更熟练的;更合适的;更得体的;更好;更愉快;不那么差;更;较大程度地;更妥;更恰当;更好的事物;较好者;更有才智者;更主要的人;胜过;超过;改进社会地位，上进;good的比较级;well的比较级"
few	1235	"英[fjuː]
美[fjuː]
不多，很少;有些，几个;很少人;有些;一些;不和…一般多;少于"
put	1229	"英[pʊt]
美[pʊt]
放;安置;猛推;用力插入;将…送往;使…前往"
question	1224	"英[ˈkwestʃən]
美[ˈkwestʃən]
问题;疑问;事情;议题;课题;怀疑;困惑;正式提问;质询;问;表示疑问"
line	1224	"英[laɪn]
美[laɪn]
线;线条;界线;场地线，场界;皱纹;褶子;做衬里;形成一层;沿…形成行"
since	1218	"英[sɪns]
美[sɪns]
自…以后;从…以来;何曾，什么时候;从…以后;自…以来;因为;由于;既然;此后;后来"
society	1212	"英[səˈsaɪəti]
美[səˈsaɪəti]
社会;社团;协会;学会"
three	1208	"英[θriː]
美[θriː]
三"
sentence	1207	"英[ˈsentəns]
美[ˈsentəns]
句子;判决;宣判;判刑"
give	1191	"英[ɡɪv]
美[ɡɪv]
给;交给;赠送;赠与;送给;提供，供给，供应;伸展性;弹性"
rather	1191	"英[ˈrɑːðə(r) , ˌrɑːˈðɜː(r)]
美[ˈræðər]
相当，在某种程度上;有点儿，稍微;更确切地讲，更准确地说;表示同意某人的提议"
important	1186	"英[ɪmˈpɔːtnt]
美[ɪmˈpɔːrtnt]
重要的;有重大影响的;有巨大价值的;影响很大的;权威的"
old	1186	"英[əʊld]
美[oʊld]
具体年龄;岁;年纪;老的;年纪大的;不年轻的;老年人"
different	1186	"英[ˈdɪfrənt]
美[ˈdɪfrənt]
不同的;有区别的;有差异的;分别的;各别的;各种的;不平常;与众不同;别致"
mark	1186	"英[mɑːk]
美[mɑːrk]
做记号;做标记;留下痕迹;弄污;使有污点;标明方位;标示;污点;污渍;斑点;疤痕;斑点，色斑;符号;记号;标记"
end	1181	"英[end]
美[end]
终止，终结，结局，结尾;末端;尽头;末梢;结束;破灭;终止"
used	1180	"英[juːzd , juːst]
美[juːzd , juːst]
习惯于;适应;用过的;旧的;二手的;使用;利用;运用;消耗;说，写，使用;use的过去分词和过去式"
little	1180	"英[ˈlɪtl]
美[ˈlɪtl]
小的;比较小的;可爱的，可怜的，讨厌的;年幼的;幼小的;不多的;少量的，一些;不多;稍许;略微;少许;少量;一点"
means	1174	"英[miːnz]
美[miːnz]
方式;方法;途径;财富;钱财;表示…的意思;意思是;本意是;打算;意欲;有…的目的;mean的第三人称单数和复数"
want	1159	"英[wɒnt]
美[wɑːnt]
要;想要;希望;需要;需要…在场;需要的东西;想望的东西;缺少;缺乏;不足;贫穷;贫困;匮乏"
don	1158	"英[dɒn]
美[dɑːn]
大学教师;黑手党头目;披上;穿上;戴上"
come	1153	"英[kʌm]
美[kʌm]
来;来到;到达，抵达;来做;来取;来拿;嗨，得啦，好啦;精液;精子"
think	1153	"英[θɪŋk]
美[θɪŋk]
认为;以为;想;思考;思索;思想;琢磨;想法"
against	1147	"英[əˈɡenst]
美[əˈɡenst]
反对;与…相反;逆;违反;对…不利;紧靠;倚;碰;撞"
job	1147	"英[dʒɒb]
美[dʒɑːb]
工作;职业;职位;任务;工作，活儿，事情;责任;职责;承包;代客买卖做零工;作包工;打杂"
see	1142	"英[siː]
美[siː]
看见;见到;看出;看得见;看;有视力;观看;主教教区;主教权限;牧座"
both	1142	"英[bəʊθ]
美[boʊθ]
两个，两个都;不仅…而且…;…和…都"
education	1136	"英[ˌedʒuˈkeɪʃn]
美[ˌedʒuˈkeɪʃn]
教育;培养;训练;教育机构;教育界人士"
word	1132	"英[wɜːd]
美[wɜːrd]
单词;词;字;说的话;话语;言语;诺言;许诺;保证;措辞;用词;就是，说得对"
passage	1130	"英[ˈpæsɪdʒ]
美[ˈpæsɪdʒ]
通道;走廊;管路;章节;段落;乐段"
look	1126	"英[lʊk]
美[lʊk]
看;瞧;寻找;寻求;注意;留心;留神;查找;眼神;表情;神情;脸色;喂，听我说"
ii	1121	"英[tuː]
美[tuː]
Image Intensification 微光;illegal immigrant 非法移民"
below	1121	"英[bɪˈləʊ]
美[bɪˈloʊ]
在…下面;少于;低于;在下面;零度以下;下级"
possible	1121	"英[ˈpɒsəbl]
美[ˈpɑːsəbl]
可能;能做到;可能存在的;合理的;可接受的;合适的人;恰当人选"
sentences	1120	"英[ˈsentənsɪz]
美[ˈsentənsɪz]
句子;判决;宣判;判刑;sentence的第三人称单数和复数"
making	1115	"英[ˈmeɪkɪŋ]
美[ˈmeɪkɪŋ]
生产;制造;做;组装;写;出产;制订;铺床;make的现在分词"
carefully	1110	"英['keəfəlɪ]
美[ˈkɛrfəlɪ]
仔细地;小心翼翼的;诚惶诚恐地;颇有分寸地"
says	1109	"英[sez]
美[sez]
说;讲;告诉;念;朗诵;背诵;表达，表述;say的第三人称单数"
go	1109	"英[ɡəʊ]
美[ɡoʊ]
去;走;移动，旅行，行走;轮到的机会;尝试，一番努力;精力;活力;热情;干劲"
far	1104	"英[fɑː(r)]
美[fɑːr]
远;有多远，远;久;较远的;最远的，远端的;远的;远方的;遥远的"
number	1104	"英[ˈnʌmbə(r)]
美[ˈnʌmbər]
数字;数;数量;编号;序数;号码;标号;给…编号;总计;共计;数以…计;把…算作;归入"
problems	1103	"英[ˈprɒbləmz]
美[ˈprɑbləmz]
棘手的问题;难题;困难;逻辑题;数学题;problem的复数"
down	1098	"英[daʊn]
美[daʊn]
向下;朝下;在下面;下;在较低水平;下降;下跌;向下，往下;沿着;顺着;朝着;贯穿…时间;遍及…时期;喝下，吃下，咽下;使倒下;击倒;悲哀;沮丧;情绪低落;停机;停止运行;绒羽;绒毛;软毛;汗毛;进攻分段，10码进攻(球队可向前推进10码持球进攻的四次机会。球队在连续四次进攻中失球或未能推进10码即不能继续)"
answers	1094	"英[ˈɑːnsəz]
美[ˈænsərz]
答复;回答;适合;符合;比得上;相配;answer的第三人称单数"
say	1088	"英[seɪ]
美[seɪ]
说;讲;告诉;念;朗诵;背诵;表达，表述;决定权;发言权;嘿，啧啧;喂，我说"
letter	1087	"英[ˈletə(r)]
美[ˈletər]
信;函;字母;校运动队字母标志;用字母标明;把字母印刷于;领取到学校运动队布制字母标志"
place	1082	"英[pleɪs]
美[pleɪs]
位置;地点;场所;地方;城镇;有某用途的建筑;放置，安放;使处于某位置;安置;安顿;以某种态度对待"
change	1076	"英[tʃeɪndʒ]
美[tʃeɪndʒ]
改变;变化;使不同;变换，改换，变成;变更;变革;替代;更换;替代物"
yet	1076	"英[jet]
美[jet]
用于否定句和疑问句，谈论尚未发生但可能发生的事;现在;即刻;马上;从现在起直至某一时间;还;但是;然而"
know	1076	"英[nəʊ]
美[noʊ]
知道;知悉;了解;认识到;懂得;意识到;确信;确知;肯定"
high	1076	"英[haɪ]
美[haɪ]
高的;有某高度的;很高的;海拔很高的;最高水平;最大数量;高气压区;反气旋;最高气温;在高处;向高处;高;大;音调高"
things	1065	"英[θɪŋz]
美[θɪŋz]
东西;物;物件;物品;事物;用品，衣服;用具;thing的复数"
century	1065	"英[ˈsentʃəri]
美[ˈsentʃəri]
100年;百年;世纪;100分"
translation	1060	"英[trænzˈleɪʃn]
美[trænzˈleɪʃn]
翻译;译;译文;译本;译作;转变;转化"
states	1055	"英[steɪts]
美[steɪts]
状态;状况;情况;国家;州;邦;陈述;说明;声明;规定;公布;state的第三人称单数和复数"
underlined	1039	"英[ˌʌndəˈlaɪnd]
美[ˌʌndərˈlaɪnd]
在画线;画底线标出;强调;突现;underline的过去分词和过去式"
keep	1038	"英[kiːp]
美[kiːp]
保持，处于;继续，重复;使耽搁;使延误;生活必需品;生活费用;城堡主楼"
health	1027	"英[helθ]
美[helθ]
人的身体状况;健康;医疗;保健;卫生"
large	1022	"英[lɑːdʒ]
美[lɑːrdʒ]
大的;大规模的;大量的;大型号的;广泛的;众多的"
changes	1022	"英[ˈtʃeɪndʒɪz]
美[ˈtʃeɪndʒɪz]
改变;变化;使不同;变换，改换，变成;变更;变革;替代;更换;替代物;change的第三人称单数和复数"
until	1022	"英[ənˈtɪl]
美[ənˈtɪl]
到…时;直到…为止"
longer	1022	"英[ˈlɒŋgə]
美[ˈlɔŋgər]
长期地;长久地;很久地;用于名词后强调某事发生在某整段时间;长的;长;长时间的;长久的;长期的;long的比较级"
right	1022	"英[raɪt]
美[raɪt]
正当;妥当;正确的;真正的;真实的;适当的;正好的;恰当的;右边的;正好;恰好;直接地;一直;径直;完全地;立即;马上;毫不耽搁;公正;正义;正确;正当的要求;权利;版权;发行权;右边;右派;使回到正常位置;把…扶正;使…直立;改正;纠正;使恢复正常;向右;是的，好的;嗨，喂;对不"
why	1022	"英[waɪ]
美[waɪ]
为什么，为何;何必;为什么，…的原因;哎呀，呦，哟，嗨;原因;理由;说明;难解的问题"
economic	1016	"英[ˌiːkəˈnɒmɪk]
美[ˌiːkəˈnɑːmɪk]
经济的;经济上的;经济学的;有利可图的;可赚钱的;合算的"
numbered	1012	"英[ˈnʌmbəd]
美[ˈnʌmbərd]
编号的;标号;给…编号;总计;共计;数以…计;把…算作;归入;number的过去分词和过去式"
day	1011	"英[deɪ]
美[deɪ]
一天;一日;白昼;白天;工作日;一天的活动时间"
thought	1011	"英[θɔːt]
美[θɔːt]
想法;看法;主意;记忆;心思;思想;思考能力;思维过程;思考;思维;认为;以为;想;思索;琢磨;think的过去分词和过去式"
back	1011	"英[bæk]
美[bæk]
背部，背;腰背;脊柱;脊梁骨;后部;后面;末尾;背后的;后面的;后部的;过去的;旧时的;到期未付的;拖欠的;向后;在后;在背面;与有距离;控制住;忍住;后退，倒退;帮助;支持;下赌注于"
never	1006	"英[ˈnevə(r)]
美[ˈnevər]
从不;绝不;从未;未曾;(与not同义，语气较强)一点都不;不会吧"
among	1006	"英[əˈmʌŋ]
美[əˈmʌŋ]
在…中;周围是;在中;…之一;在三者或以上中"
process	1005	"英[ˈprəʊses , prəˈses]
美[ˈprɑːses , prəˈses]
过程;进程;过程，步骤，流程;做事方法;工艺流程;工序;加工;处理;审阅，审核，处理;数据处理;列队行进;缓缓前进"
certain	1005	"英[ˈsɜːtn]
美[ˈsɜːrtn]
确实;确定;肯定;确信;无疑;某事，某人，某种;某些"
always	1005	"英[ˈɔːlweɪz]
美[ˈɔːlweɪz]
总是;每次都是;一直;一贯;永远"
structure	1000	"英[ˈstrʌktʃə(r)]
美[ˈstrʌktʃər]
结构;构造;结构体;建筑物;精心组织;周密安排;体系;使形成体系;系统安排"
although	995	"英[ɔːlˈðəʊ]
美[ɔːlˈðoʊ]
虽然;尽管;即使;不过;然而"
having	995	"英[ˈhævɪŋ]
美[ˈhævɪŋ]
有;持有;占有;由…组成;显示出，带有;have的现在分词"
ago	995	"英[əˈɡəʊ]
美[əˈɡoʊ]
以前"
fact	989	"英[fækt]
美[fækt]
现实;实际情况;事实，真相;真实的事物;真实情况"
age	984	"英[eɪdʒ]
美[eɪdʒ]
年龄;年龄段;时代，时期;变老;使显老;使变老;使苍老;成熟，变陈"
future	984	"英[ˈfjuːtʃə(r)]
美[ˈfjuːtʃər]
将来;未来;未来的事;将来发生的事;前景;前途;前程;将来的;未来的;将来发生的"
others	983	"英[ˈʌðəz]
美[ˈʌðərz]
其他人员"
scientists	983	"英[ˈsaɪəntɪsts]
美[ˈsaɪəntɪsts]
科学家;scientist的复数"
did	978	"英[dɪd]
美[dɪd]
做，干，办;做;行动;表现;进展，进行;do的过去式"
past	973	"英[pɑːst]
美[pæst]
过去的;昔日的;刚过去的;刚结束的;从前的;以往的;过去;昔日;过去的事情;过去的经历;晚于;在…之后;在另一边;到另一侧;多于;超过;从一侧到另一侧;经过;过去，逝去"
probably	973	"英[ˈprɒbəbli]
美[ˈprɑːbəbli]
几乎肯定;很可能;大概"
written	968	"英[ˈrɪtn]
美[ˈrɪtn]
书面的;笔头的;以书信形式的;成文的;正式的;书写;写字;写作;作曲;编写;写信;write的过去分词"
said	967	"英[sed]
美[sed]
说;讲;告诉;念;朗诵;背诵;表达，表述;say的过去分词和过去式"
found	962	"英[faʊnd]
美[faʊnd]
创建，创办;建立，兴建;把…基于;把…建立在;find的过去分词和过去式"
study	961	"英[ˈstʌdi]
美[ˈstʌdi]
学习;研究;功课;课业;学业;用于某些学科名称;攻读;审视;端详;细看;调查"
choices	956	"英[ˈtʃɔɪsɪz]
美[ˈtʃɔɪsəz]
选择;挑选;抉择;选择权;选择的可能性;入选者;被选中的东西;choice的复数"
idea	951	"英[aɪˈdɪə]
美[aɪˈdiːə]
想法;构思;主意;印象;概念;意见;看法;信念"
whether	946	"英[ˈweðə(r)]
美[ˈweðər]
是否;是…，或者…，不管…"
though	946	"英[ðəʊ]
美[ðoʊ]
虽然;尽管;即使;不过，可是，然而"
scientific	945	"英[ˌsaɪənˈtɪfɪk]
美[ˌsaɪənˈtɪfɪk]
科学的;关于科学的;细致严谨的"
case	940	"英[keɪs]
美[keɪs]
具体情况;事例;实例;实情;事实;特殊情况;奏爵士乐，跳爵士舞;游荡;使活泼"
test	939	"英[test]
美[test]
测验;考查;检查，化验，检验;试验;测试;检查;化验;检验"
development	935	"英[dɪˈveləpmənt]
美[dɪˈveləpmənt]
发展;发育;成长;壮大;开发;研制;研制成果;发展事态，进展情况，发展阶段"
result	934	"英[rɪˈzʌlt]
美[rɪˈzʌlt]
后果;结果;胜利，胜局;发生;产生"
every	934	"英[ˈevri]
美[ˈevri]
每一个，每个;所有可能的;完全可能的;每，每逢，每隔"
america	934	"英[əˈmerɪkə]
美[əˈmerɪkə]
美洲;美国"
meaning	929	"英[ˈmiːnɪŋ]
美[ˈmiːnɪŋ]
意义，意思;意义;真正重要性;价值;有意义的意味深长的;有所企图的;表示…的意思;意思是;本意是;打算;意欲;有…的目的;mean的现在分词"
true	929	"英[truː]
美[truː]
符合事实的;确实的;如实的;实质的，真正的;名副其实的;真正的;笔直地;不偏不斜地;直言相告;实话实说;真实;准确"
likely	929	"英[ˈlaɪkli]
美[ˈlaɪkli]
可能的;预料的;有希望的;似乎合适的;仿佛恰当的;可能;或许"
reason	924	"英[ˈriːzn]
美[ˈriːzn]
原因;理由;解释;正当理由;道理;情理;思考力;理解力;理性;推理;推论;推断;思考;理解"
translate	924	"英[trænzˈleɪt]
美[trænzˈleɪt]
翻译;译;被翻译;被译成;转变，变为"
system	923	"英[ˈsɪstəm]
美[ˈsɪstəm]
体系;方法;制度;体制;系统;身体"
culture	922	"英[ˈkʌltʃə(r)]
美[ˈkʌltʃər]
文化，文明;文化;培养"
blank	919	"英[blæŋk]
美[blæŋk]
空白的;空的;无图画的;没表情的;不理解的;不感兴趣的;空白处，空格;空白，遗忘;空弹;毫不理睬;突然忘掉;突然思路模糊"
role	918	"英[rəʊl]
美[roʊl]
职能;地位;角色;影响程度;作用"
parts	918	"英[pɑːts]
美[pɑːrts]
部分;片段;一点;成员;成分;离开;分别;分离;分开;隔离;分散;解散;part的第三人称单数和复数"
technology	918	"英[tekˈnɒlədʒi]
美[tekˈnɑːlədʒi]
科技;工艺;工程技术;技术学;工艺学;技术性机器"
country	907	"英[ˈkʌntri]
美[ˈkʌntri]
国;国家;地区，区域;全国人民;国民;全民"
once	907	"英[wʌns]
美[wʌns]
仅一次;一次;曾;曾经;(用于否定句、疑问句和if后)曾，根本;一…就;一旦;当…时候"
modern	902	"英[ˈmɒdn]
美[ˈmɑːdərn]
现代的;当代的;近代的;新式的;有别于传统的;时新的;现代化的;最新的;现代人;现代主义者;时髦人士;现代字体;指印刷中所用的一种字体"
least	902	"英[liːst]
美[liːst]
最小的;最少的;程度最轻的;最小;最少;微不足道;小的;比较小的;可爱的，可怜的，讨厌的;年幼的;幼小的;little的最高级"
enough	902	"英[ɪˈnʌf]
美[ɪˈnʌf]
足够的，充足的，充分的;足够;充分;充足;足够地;充分地;充足地;相当;尚;十分;很"
hard	902	"英[hɑːd]
美[hɑːrd]
坚固的;坚硬的;结实的;难做的;难懂的;难以回答的;困苦的;艰苦的;艰难的;努力地;费力地;艰难地;猛力地;猛烈地;彻底认真地"
going	902	"英[ˈɡəʊɪŋ]
美[ˈɡoʊɪŋ]
离去;去;离开;进展速度;难度;地面状况;常去…的;走;移动，旅行，行走;go的现在分词"
writing	901	"英[ˈraɪtɪŋ]
美[ˈraɪtɪŋ]
写;书写;写作;著书立说;著作;文字作品;文章;写字;作曲;编写;写信;write的现在分词"
based	896	"英[beɪst]
美[beɪst]
为基础，为根据;在…居住;基地在…;以…为重要部分;以…为主;以…为据点;把设在;base的过去分词和过去式"
government	896	"英[ˈɡʌvənmənt]
美[ˈɡʌvərnmənt]
政府;内阁;政体;国家体制;统治，治理，统治方式，管理方法"
law	890	"英[lɔː]
美[lɔː]
法律;法规;控告;对…起诉"
ever	885	"英[ˈevə(r)]
美[ˈevər]
(用于否定句和疑问句，或与if连用的句子)在任何时候，从来;以往任何时候，曾经;不断地;总是;始终"
during	880	"英[ˈdjʊərɪŋ]
美[ˈdʊrɪŋ]
在…期间;在…期间的某个时候"
seems	880	"英[siːmz]
美[siːmz]
好像，似乎，看来;感到好像，觉得似乎;看来好像;seem的第三人称单数"
cannot	875	"英[ˈkænɒt]
美[ˈkænɑːt]
can 的否定形式"
especially	875	"英[ɪˈspeʃəli]
美[ɪˈspeʃəli]
尤其;特别;格外;专门;特地;十分;非常"
something	874	"英[ˈsʌmθɪŋ]
美[ˈsʌmθɪŋ]
某事;某物;想来重要的事物;大致，左右;很，非常"
child	873	"英[tʃaɪld]
美[tʃaɪld]
儿童;小孩;子女;儿子;女儿;深受…影响的人"
themselves	869	"英[ðəmˈselvz]
美[ðəmˈselvz]
他们自己;她们自己;它们自己;(用以强调they或复数主语)他们亲自，他们本身;指性别不详的人时，用以代替himself或herself;herself的复数"
men	869	"英[men]
美[men]
man 的复数"
school	869	"英[skuːl]
美[skuːl]
学校;上学;上学阶段;上课时间;训练;使学会;教育;培养"
nature	864	"英[ˈneɪtʃə(r)]
美[ˈneɪtʃər]
自然界;大自然;自然;自然方式;天性;本性;性格"
around	864	"英[əˈraʊnd]
美[əˈraʊnd]
大约;周围;四周;围绕;环绕;在那边;到那边;从那边;绕着"
state	858	"英[steɪt]
美[steɪt]
状态;状况;情况;国家;州;邦;国家提供的;国事礼仪的;州的;邦的;陈述;说明;声明;规定;公布"
set	858	"英[set]
美[set]
放;置;使处于;使处于某种状况;使开始;把故事情节安排在;以…为…设置背景;一套，一副，一组;一组;一伙人;阶层;团伙;位于…的;安排好的;确定的;固定的;顽固的;固执的"
industry	857	"英[ˈɪndəstri]
美[ˈɪndəstri]
工业;生产制造;行业;勤奋;勤劳"
iv	853	"英[fɔː(r)]
美[fɔːr]
注入静脉的;静脉内"
national	852	"英[ˈnæʃnəl]
美[ˈnæʃnəl]
国家的;民族的;全国的;国有的;国立的;国营的;公民"
live	852	"英[lɪv , laɪv]
美[lɪv , laɪv]
住;居住;生存;活着;活的;现场直播的;实况转播的;现场演出的;在现场直播;在现场表演"
effect	852	"英[ɪˈfekt]
美[ɪˈfekt]
效应;影响;结果;外观，声响，印象，效果;财产，所有物，财物;使发生;实现;引起"
common	852	"英[ˈkɒmən]
美[ˈkɑːmən]
常见的;通常的;普遍的;共有的;共享的;共同的;普通的;平常的;寻常的;平凡的;公共用地;公地;学生公共食堂"
show	852	"英[ʃəʊ]
美[ʃoʊ]
表明;证明;给…看;出示;展示;教，解说;演示;演出;歌舞表演;节目;展览;展览会"
person	847	"英[ˈpɜːsn]
美[ˈpɜːrsn]
人;个人;某人;从事…工作的人;人员"
early	847	"英[ˈɜːli]
美[ˈɜːrli]
早期的;初期的;早先的;早到的;提前的;提早的;在早期;在初期;在开始阶段;提早;提前;先前;早些时候;…之前"
theory	847	"英[ˈθɪəri]
美[ˈθiːəri]
学说;论;说;理论;原理;原则;意见;看法;推测"
general	842	"英[ˈdʒenrəl]
美[ˈdʒenrəl]
全体的;普遍的;总的;正常的;一般的;常规的;概括性的;大体的;笼统的;将军;上将"
kind	842	"英[kaɪnd]
美[kaɪnd]
同类的人;种类;体贴的;慈祥的;友好的;宽容的;客气请求或命令"
point	841	"英[pɔɪnt]
美[pɔɪnt]
论点;观点;见解;重点;要点;核心问题;意图;目的;理由;指，指向;瞄准;对着;朝向"
turn	836	"英[tɜːn]
美[tɜːrn]
转动，旋转;转身;扭转;翻转;翻动;把…翻过来;转动;旋动;转弯，转向;弯道，转弯处"
jobs	836	"英[ˈdʒɒbz]
美[ˈdʒɑːbz]
工作;职业;职位;任务;工作，活儿，事情;责任;职责;job的第三人称单数和复数"
seem	836	"英[siːm]
美[siːm]
好像，似乎，看来;感到好像，觉得似乎;看来好像"
students	835	"英[ˈstjuːdənts]
美[ˈstudənts]
大学生;研究生;学生;中学生;研究者;学者;student的复数"
money	831	"英[ˈmʌni]
美[ˈmʌni]
钱;薪水;收入;钱币;钞票;财产;财富"
believe	831	"英[bɪˈliːv]
美[bɪˈliːv]
相信;认为真实;把当真;认为有可能;认定;看作"
feel	831	"英[fiːl]
美[fiːl]
觉得;感到;体会到;注意到，意识到，感觉到;感觉到;触觉;手感;触摸;摸;印象，感受;气氛"
marked	831	"英[mɑːkt]
美[mɑːrkt]
显而易见的;明显的;显著的;有标记成分的;做记号;做标记;留下痕迹;弄污;使有污点;标明方位;标示;mark的过去分词和过去式"
difficult	831	"英[ˈdɪfɪkəlt]
美[ˈdɪfɪkəlt]
困难的;费力的;难做的;难解的;问题很多的;充满艰难困苦的;麻烦的;难以讨好的;难以取悦的;不愿帮助的"
course	826	"英[kɔːs]
美[kɔːrs]
课程，讲座;课程;航向，航线;快速地流动;奔流"
pay	826	"英[peɪ]
美[peɪ]
付费;付酬;交纳;偿还;赢利;创收;工资;薪水"
instead	825	"英[ɪnˈsted]
美[ɪnˈsted]
代替;顶替;反而;却"
working	820	"英[ˈwɜːkɪŋ]
美[ˈwɜːrkɪŋ]
有工作的;有职业的;做工的;从事体力劳动的;工作上的;工作时间的;运作，工作方法;矿，巷道，作业区;做体力工作;劳动;干活;受雇于;从事…工作;使工作;使卖力干活;work的现在分词"
clearly	820	"英[ˈklɪəli]
美[ˈklɪrli]
清楚地;清晰地;明白地;易懂地;明显地;显然地"
ways	820	"英[weɪz]
美[weɪz]
方法;手段;途径;方式;作风;风度;样子;行为方式，生活方式，习俗;way的复数"
taken	820	"英[ˈteɪkən]
美[ˈteɪkən]
感兴趣的;被吸引的;携带;拿走;取走;运走;带去;引领;使达到，把…推向，把…带到;take的过去分词"
learn	820	"英[lɜːn]
美[lɜːrn]
学;学习;学到;学会;听到;得知;获悉;记住;背熟;熟记"
times	820	"英[taɪmz]
美[taɪmz]
乘以;倍;时间;时间，钟点，时刻;时，时间;为…安排时间;选择…的时机;计时;测定…所需的时间;在某一时刻击球;time的第三人称单数和复数"
interest	820	"英[ˈɪntrəst]
美[ˈɪntrəst]
兴趣;关注;引人关注的性质;吸引力;趣味;业余爱好;使感兴趣;使关注;利益"
family	819	"英[ˈfæməli]
美[ˈfæməli]
家，家庭;家庭;亲属;家族;家庭的;一家所有的;适合全家人的"
support	815	"英[səˈpɔːt]
美[səˈpɔːrt]
支持;拥护;鼓励;帮助;援助;资助;赞助;救助;支撑物;支承;支柱;支座"
perhaps	815	"英[pəˈhæps]
美[pərˈhæps]
可能;大概;也许;或许;假定;猜想;未定之事"
individual	814	"英[ˌɪndɪˈvɪdʒuəl]
美[ˌɪndɪˈvɪdʒuəl]
单独的;个别的;一个人的;供一人用的;独特的;与众不同的;个人;与众不同的人;有个性的人;某种类型的人;古怪的人"
therefore	809	"英[ˈðeəfɔː(r)]
美[ˈðerfɔːr]
因此;所以;因而"
small	809	"英[smɔːl]
美[smɔːl]
小的;小号的，小型的;成为小块;小小地;后腰;小件衣服"
sense	809	"英[sens]
美[sens]
感觉官能;感觉，意识;理解力;判断力;感觉到;意识到;觉察出;检测出"
view	809	"英[vjuː]
美[vjuː]
看法，意见，见解;态度;方法，方式;观看;看;视野;视域;视线;把…视为;以…看待;仔细察看;查看，察看"
company	808	"英[ˈkʌmpəni]
美[ˈkʌmpəni]
公司;商号;商行;剧团;演出团;陪伴;做伴"
living	803	"英[ˈlɪvɪŋ]
美[ˈlɪvɪŋ]
活着的;活的;在使用的;在实施的;生计;谋生;收入;生活方式;活着的人;住;居住;生存;活着;live的现在分词"
mind	803	"英[maɪnd]
美[maɪnd]
头脑;大脑;思考能力;智慧;思维方式;聪明人;富有才智的人;对烦恼，苦恼，焦虑;介意"
available	798	"英[əˈveɪləbl]
美[əˈveɪləbl]
可获得的;可购得的;可找到的;有空的"
makes	798	"英[meɪks]
美[meɪks]
制造;做;组装;写;出产;制订;铺床;make的第三人称单数"
within	798	"英[wɪˈðɪn]
美[wɪˈðɪn]
不出;在之内;在之间;在里面;在内部"
left	793	"英[left]
美[left]
左边的;左边;左方;左;左边的第一条路;左转弯;离开;离开居住地点;遗弃;丢弃;leave的过去分词和过去式;向左;在左边"
next	793	"英[nekst]
美[nekst]
下一个的;紧接着的;接下来的;紧随其后的;紧接着;随后;其次的;依次的;仅次于…的;用于询问，表示吃惊或困惑;下一位;下一个;下一件"
start	793	"英[stɑːt]
美[stɑːrt]
开始，着手，动手;发生，开始进行;开动;发动;启动;开头;开端;开始;起始优势;良好的基础条件"
attention	792	"英[əˈtenʃn]
美[əˈtenʃn]
注意;专心;留心;注意力;兴趣;关注;殷勤;关心;立正"
increase	787	"英[ɪnˈkriːs , ˈɪŋkriːs]
美[ɪnˈkriːs , ˈɪŋkriːs]
增长，增多;增加;增长;增多"
thus	782	"英[ðʌs]
美[ðʌs]
以此方式;如此;这样;因此;从而;所以"
ideas	782	"英[aɪˈdɪəz]
美[aɪˈdiəz]
想法;构思;主意;印象;概念;意见;看法;信念;idea的复数"
choice	781	"英[tʃɔɪs]
美[tʃɔɪs]
选择;挑选;抉择;选择权;选择的可能性;入选者;被选中的东西;优质的;上等的;优选的;中上级的;字斟句酌的;仔细推敲过的"
rate	781	"英[reɪt]
美[reɪt]
速度;进度;比率;率;价格;费用;评估;评价;估价;认为…是好的;看好;划分等级;分等"
defeated	778	"英[dɪˈfiːtɪd]
美[dɪˈfiːtɪd]
击败;战胜;使困惑;难住;使失败;阻挠;挫败;defeat的过去分词和过去式"
results	776	"英[rɪˈzʌlts]
美[rɪˈzʌlts]
后果;结果;胜利，胜局;发生;产生;result的第三人称单数和复数"
present	776	"英[ˈpreznt , prɪˈzent]
美[ˈpreznt , prɪˈzent]
现存的;当前的;出现;在场;出席;存在;礼物;礼品;目前;现在;把…交给;颁发;授予;提出;提交;展现，显示，表现"
me	776	"英[mi]
美[mi]
(I 的宾格)我;大调音阶的第3音"
away	771	"英[əˈweɪ]
美[əˈweɪ]
离开，在处;去别处;朝另一个方向;不在;离开"
really	771	"英[ˈriːəli]
美[ˈriːəli]
事实上，真正地，真实地;确实，的确;加强形容词或副词的语气"
knowledge	771	"英[ˈnɒlɪdʒ]
美[ˈnɑːlɪdʒ]
知识;学问;学识;知晓;知悉;了解"
young	770	"英[jʌŋ]
美[jʌŋ]
幼小的;未成熟的;年轻的;岁数不大的;相对年轻的;年轻人的;青年的;适合青年人的;年轻人，青年人;幼崽;幼兽;幼鸟"
market	770	"英[ˈmɑːkɪt]
美[ˈmɑːrkɪt]
集市;市场;商场;交易;买卖;交易量;商品的销售地;行销地区;消费群体;推销;促销"
clear	766	"英[klɪə(r)]
美[klɪr]
清晰易懂的;明白清楚的;不含混的;明显的;显然的;明确的;无疑的;清楚的;明白的;移走，搬走，清除;清理;使人离开;恢复畅通;不再受阻;离开;不靠近;不接触;一直"
history	765	"英[ˈhɪstri]
美[ˈhɪstri]
历史;发展史，历史;历史课;历史学"
problem	765	"英[ˈprɒbləm]
美[ˈprɑːbləm]
棘手的问题;难题;困难;逻辑题;数学题;找麻烦的;成问题的;惹乱子的"
hardly	765	"英[ˈhɑːdli]
美[ˈhɑːrdli]
几乎不;几乎没有;尤用于can或could之后，主要动词之前，强调做某事很难;刚刚;才"
conditions	760	"英[kənˈdɪʃnz]
美[kənˈdɪʃnz]
状态;状况;健康状况;疾病;训练;使习惯于;使适应;对…具有重要影响;影响;保持健康;养护;condition的第三人称单数和复数"
brackets	759	"英[ˈbrækɪts]
美[ˈbrækɪts]
括号;组级，等级;托架，支架;用括弧括上;把…等同考虑;把…相提并论;bracket的第三人称单数和复数"
understand	754	"英[ˌʌndəˈstænd]
美[ˌʌndərˈstænd]
懂;理解;领会;了解;认识到;明了;谅解;体谅"
lost	754	"英[lɒst]
美[lɔːst]
迷路的;迷失的;失去的;丢失的;丧失的;无法恢复的;得不到的;无法再找到的;无法再造的;遗失;丢失;损失，丧失，失去;被…夺去;lose的过去分词和过去式"
generally	749	"英[ˈdʒenrəli]
美[ˈdʒenrəli]
普遍地;广泛地;一般地;通常;大体上;笼统地;概括地;大概"
home	749	"英[həʊm]
美[hoʊm]
家;住所;房子，住宅，寓所;家乡;故乡;定居地;家的;家庭的;在家里做的;家用的;本国的;国内的;到家;向家;在家;到正确的位置;归巢，回家"
doing	749	"英[ˈduːɪŋ]
美[ˈduːɪŋ]
所做的事;发生的事;所作所为;做，干，办;做;行动;表现;进展，进行;do的现在分词"
under	749	"英[ˈʌndə(r)]
美[ˈʌndər]
在…下面;在…表面下;由…覆盖着;少于;小于;不足;比…年轻;在下面;在水下;较年轻;较低的;下面的"
control	748	"英[kənˈtrəʊl]
美[kənˈtroʊl]
管理权，控制权，支配权;控制能力;限制;限定;约束;管理;管制;指挥;控制;掌管;支配;阻止蔓延"
power	748	"英[ˈpaʊə(r)]
美[ˈpaʊər]
控制力;影响力;操纵力;统治;政权;能力;机会;驱动，推动;迅猛移动，快速前进"
women	747	"英[ˈwɪmɪn]
美[ˈwɪmən]
woman 的复数"
environment	738	"英[ɪnˈvaɪrənmənt]
美[ɪnˈvaɪrənmənt]
环境;客观环境;自然环境;生态环境;工作平台;软件包"
whose	738	"英[huːz]
美[huːz]
谁的;那个人的，那一个的，其;进一步提供信息时用"
followed	738	"英[ˈfɒləʊd]
美[ˈfɑːloʊd]
跟随;跟着;在…后发生，因…而发生;在…后做;follow的过去分词和过去式"
book	737	"英[bʊk]
美[bʊk]
书;书籍;印刷出版物;著作;本子;簿子;预约，预订;给预订飞机等座位;和预约演出日期"
recent	733	"英[ˈriːsnt]
美[ˈriːsnt]
近来的;新近的"
international	732	"英[ˌɪntəˈnæʃnəl]
美[ˌɪntərˈnæʃnəl]
国际的;国际体育比赛;国际体育比赛选手;外国人"
value	732	"英[ˈvæljuː]
美[ˈvæljuː]
价值;值，划算程度;用途;积极作用;重视;珍视;给…估价;给…定价"
growth	732	"英[ɡrəʊθ]
美[ɡroʊθ]
发育;成长;生长;增加;增长;增强;经济增长;经济发展"
situation	727	"英[ˌsɪtʃuˈeɪʃn]
美[ˌsɪtʃuˈeɪʃn]
情况;状况;形势;局面;地理位置，环境特点;职业;工作岗位"
united	727	"英[juˈnaɪtɪd]
美[juˈnaɪtɪd]
联合的;统一的;和谐的;一致的;团结的;用于团队和公司名称;联合，联手，团结;联结，联合;统一;unite的过去分词和过去式"
hand	727	"英[hænd]
美[hænd]
手;用…手的;用…只手的;帮助;协助;交;递;给"
growing	727	"英[ˈɡrəʊɪŋ]
美[ˈɡroʊɪŋ]
增加的;增长的;增强的;扩大;增加;增强;长大;长高;发育;成长;生长;grow的现在分词"
several	727	"英[ˈsevrəl]
美[ˈsevrəl]
几个;数个;一些;各自的;分别的"
almost	722	"英[ˈɔːlməʊst]
美[ˈɔːlmoʊst]
几乎;差不多"
able	722	"英[ˈeɪbl]
美[ˈeɪbl]
能;能够;有才智的;有才能的;擅长的"
countries	721	"英[ˈkʌntriz]
美[ˈkʌntriz]
国;国家;地区，区域;全国人民;国民;全民;country的复数"
form	721	"英[fɔːm]
美[fɔːrm]
类型;种类;形式;外表;样子;表格;出现，产生;形成;成形，组成;制作"
lives	721	"英[lɪvz , laɪvz]
美[lɪvz , laɪvz]
住;居住;生存;活着;live的第三人称单数和life的复数"
population	721	"英[ˌpɒpjuˈleɪʃn]
美[ˌpɑːpjuˈleɪʃn]
人口，人口数量;某领域的生物;族群;人口"
matter	721	"英[ˈmætə(r)]
美[ˈmætər]
课题;事情;问题;事态;当前的状况;怎么了;事关紧要;要紧;有重大影响"
anything	716	"英[ˈeniθɪŋ]
美[ˈeniθɪŋ]
(用于否定句、疑问句也用于if或whether之后，或紧接prevent、ban、avoid等动词，代替something)任何东西，任何事物;随便哪个东西;随便什么事物;重要东西;重要事物"
natural	716	"英[ˈnætʃrəl]
美[ˈnætʃrəl]
自然的;天然的;正常的;意料之中的;天生的;本能的;与生俱来的;有天赋的人;擅长做某事的人;本位音，还原音，本位号"
big	710	"英[bɪɡ]
美[bɪɡ]
大的，巨大的;年龄较大的;重大的;严重的;大大;给人印象深地"
nothing	705	"英[ˈnʌθɪŋ]
美[ˈnʌθɪŋ]
没有什么;没有一件东西;无关紧要的东西;毫无趣味的事"
greater	705	"英[ˈgreɪtə]
美[ˈgreɪtər]
great 的比较级;大的"
influence	705	"英[ˈɪnfluəns]
美[ˈɪnfluəns]
影响;作用;支配力;控制力;影响力;有影响的人;对…起作用;支配;左右"
professional	705	"英[prəˈfeʃənl]
美[prəˈfeʃənl]
职业的;专业的;有职业的;娴熟的;训练有素的;精通业务的;专门人员;专业人士;专家;职业运动员;专业人员;内行;专门人才;技术精湛者;老练的人"
provide	705	"英[prəˈvaɪd]
美[prəˈvaɪd]
提供;供应;给予;规定"
bring	705	"英[brɪŋ]
美[brɪŋ]
带…到某处;带来;取来;提供;供给;导致;引起"
language	704	"英[ˈlæŋɡwɪdʒ]
美[ˈlæŋɡwɪdʒ]
语言;语言文字;言语;说话;某种类型的言语"
companies	704	"英[ˈkʌmpəniz]
美[ˈkʌmpəniz]
公司;商号;商行;剧团;演出团;陪伴;做伴;company的复数"
essential	700	"英[ɪˈsenʃl]
美[ɪˈsenʃl]
完全必要的;必不可少的;极其重要的;本质的;基本的;根本的;必不可少的东西;必需品;要点;要素;实质"
done	700	"英[dʌn]
美[dʌn]
完毕;了结;结束;煮熟;熟了;合乎礼仪;合乎规矩;得体;行，好;做，干，办;做;行动;表现;进展，进行;do的过去分词"
needs	700	"英[niːdz]
美[niːdz]
必定;必须;需要;特别需要;迫切要求;需要的事物;欲望;必需;有必要;need的第三人称单数和复数"
attitude	700	"英[ˈætɪtjuːd]
美[ˈætɪtuːd]
态度;看法;我行我素的作派;姿势"
parents	699	"英[ˈpeərənts]
美[ˈperənts]
父亲;亲本，亲代，父本，母本;创始机构;母公司;总部;parent的复数"
search	699	"英[sɜːtʃ]
美[sɜːrtʃ]
搜索;搜寻;搜查;查找;检索;搜身;思索，细想"
car	694	"英[kɑː(r)]
美[kɑːr]
小汽车;轿车;火车车厢"
music	694	"英[ˈmjuːzɪk]
美[ˈmjuːzɪk]
音乐;乐曲;乐曲创作艺术;乐谱"
particular	694	"英[pəˈtɪkjələ(r)]
美[pərˈtɪkjələr]
专指的，特指的;不寻常的;格外的;特别的;讲究;挑剔;细节，详情;详细资料;详细介绍材料"
sure	689	"英[ʃʊə(r)]
美[ʃʊr]
确信;确知;肯定;有把握;一定，必定，无疑;无疑;当然;确实，的确;不用客气，应该的"
order	689	"英[ˈɔːdə(r)]
美[ˈɔːrdər]
顺序;次序;条理;治安;秩序;规矩;命令;指挥;要求;订购;订货;要求提供服务;点"
half	689	"英[hɑːf]
美[hæf]
一半;半;半场，半局;半品脱;半数;绝大部分;到一半程度;部分地"
moral	688	"英[ˈmɒrəl]
美[ˈmɔːrəl]
道德的;道义上的;道德上的;品行端正的;有道德的;品行，道德;寓意;教益"
food	688	"英[fuːd]
美[fuːd]
食物"
identify	684	"英[aɪˈdentɪfaɪ]
美[aɪˈdentɪfaɪ]
确认;认出;鉴定;找到;发现;显示;说明身份"
personal	683	"英[ˈpɜːsənl]
美[ˈpɜːrsənl]
个人的;私人的;人际的;个性的;私事的;人事栏;分类人事广告版;人称代名词;关于个人的简讯"
above	683	"英[əˈbʌv]
美[əˈbʌv]
在…上面;超过，多于，大于;超过，胜过;在上面;在较高处;超过，更多，更大;上文;前文;前文述及的;上述的"
improve	678	"英[ɪmˈpruːv]
美[ɪmˈpruːv]
改进;改善"
complete	673	"英[kəmˈpliːt]
美[kəmˈpliːt]
完全的，彻底的;全部的;完整的;整个的;包括，含有;完成;结束;填写;使完整;使完美"
essay	672	"英[ˈeseɪ , eˈseɪ]
美[ˈeseɪ , eˈseɪ]
文章，短文;论说文;小品文;企图;尝试;试图"
together	672	"英[təˈɡeðə(r)]
美[təˈɡeðər]
在一起;共同;以使接触;到一起;关系密切;有婚姻关系;自信而妥实的"
everything	672	"英[ˈevriθɪŋ]
美[ˈevriθɪŋ]
每件事;所有事物;一切;形势;情况;生活;最重要的东西;最要紧的事情"
comprehension	671	"英[ˌkɒmprɪˈhenʃn]
美[ˌkɑːmprɪˈhenʃn]
理解力;领悟能力;理解练习"
cloze	667	"英[ˈkləʊz]
美[ˈkloʊz]
完形填空"
title	667	"英[ˈtaɪtl]
美[ˈtaɪtl]
名称，标题，题目;一种，一本;称号，头衔，职称，称谓;加标题，定题目"
behavior	666	"英[bɪ'heɪvjə(r)]
美[bɪ'heɪvjər]
行为;性能;表现;习性"
animals	666	"英[ˈænɪmlz]
美[ˈænɪmlz]
兽;牲畜;动物;animal的复数"
university	666	"英[ˌjuːnɪˈvɜːsəti]
美[ˌjuːnɪˈvɜːrsəti]
大学;高等学府"
develop	662	"英[dɪˈveləp]
美[dɪˈveləp]
成长，发展，壮大;开发;研制;患;出现;开始侵袭;开始影响"
sometimes	662	"英[ˈsʌmtaɪmz]
美[ˈsʌmtaɪmz]
有时;间或"
kinds	661	"英[kaɪndz]
美[kaɪndz]
同类的人;种类;kind的复数"
medical	661	"英[ˈmedɪkl]
美[ˈmedɪkl]
伤病的;疾病的;医疗的;内科的;体格检查"
earth	661	"英[ɜːθ]
美[ɜːrθ]
世界;地球;陆地;地面;大地;土;泥;泥土;把接地"
ability	661	"英[əˈbɪləti]
美[əˈbɪləti]
能力;才能;本领;才智"
buy	656	"英[baɪ]
美[baɪ]
买;购买;够支付;买通;收买;贿赂;合算的商品;买进的东西"
evidence	656	"英[ˈevɪdəns]
美[ˈevɪdəns]
根据;证明;证据;证据，证词，人证，物证;表明;作为…的证据"
needed	656	"英[ˈniːdɪd]
美[ˈniːdɪd]
需要;必需;有必要;need的过去分词和过去式"
cost	656	"英[kɒst]
美[kɔːst]
费用;花费;价钱;成本;努力，代价，损失;需付费;价钱为;使丧失;使损失;使付出努力;使做不愉快的事"
already	656	"英[ɔːlˈredi]
美[ɔːlˈredi]
已经;早已;已经，都"
became	656	"英[bɪˈkeɪm]
美[bɪˈkeɪm]
开始变得;变成;适合;与…相称;使显得漂亮;使好看;become的过去式"
asked	651	"英[ɑːskt]
美[æskt]
问;询问;要求;请求;恳求;征求;ask的过去分词和过去式"
necessary	651	"英[ˈnesəsəri]
美[ˈnesəseri]
必需的;必要的;必然的;无法避免的;必需品"
anyone	651	"英[ˈeniwʌn]
美[ˈeniwʌn]
(用于否定句、疑问句，也用于if或whether之后，或紧接prevent、forbid、avoid等动词，代替someone)任何人;随便哪个人;重要人物"
days	651	"英[deɪz]
美[deɪz]
一天;一日;白昼;白天;工作日;一天的活动时间;day的复数"
decision	650	"英[dɪˈsɪʒn]
美[dɪˈsɪʒn]
决定，抉择;决断;果断;作决定;决策"
thinking	650	"英[ˈθɪŋkɪŋ]
美[ˈθɪŋkɪŋ]
思想;思考;思维;想法;见解;思想的;有理智的;有思考力的;认为;以为;想;思索;琢磨;think的现在分词"
financial	650	"英[faɪˈnænʃl]
美[faɪˈnænʃl]
财政的;财务的;金融的;有钱的"
city	645	"英[ˈsɪti]
美[ˈsɪti]
都市;城市;特许市;特权市"
subject	645	"英[ˈsʌbdʒɪkt , səbˈdʒekt]
美[ˈsʌbdʒɪkt , səbˈdʒekt]
主题;题目;话题;题材;问题;学科;科目;课程;表现对象;绘画题材;可能受…影响的;易遭受…的;取决于;视…而定;受…支配;服从于;使臣服;使顺从;压服"
second	645	"英[ˈsekənd , sɪˈkɒnd]
美[ˈsekənd , sɪˈkɑːnd]
第二;居第二位的;另外的;外加的;以第二名;以第二位;第二，其次;秒;片刻;瞬间;支持，赞成;附议;临时调派;短期调任"
seen	645	"英[siːn]
美[siːn]
看见;见到;看出;看得见;看;有视力;观看;see的过去分词"
care	645	"英[keə(r)]
美[ker]
照料;照顾;照看;护理;小心;谨慎;忧虑;焦虑;引起烦恼的事;令人焦虑的事;关注;在意;担忧;关心;关怀;努力做"
loss	645	"英[lɒs]
美[lɔːs]
丧失;损失;丢失;亏损;亏蚀;去世;逝世"
cause	645	"英[kɔːz]
美[kɔːz]
原因;起因;理由;动机;缘故;事业，目标，思想;使发生;造成;引起;导致"
got	645	"英[ɡɒt]
美[ɡɑːt]
得到(get的过去式和过去分词);抓住"
highly	645	"英[ˈhaɪli]
美[ˈhaɪli]
很;非常;高标准地;高级地;大量地;钦佩地;赞赏地"
neatly	645	"英[ni:tlɪ]
美[ˈnitlɪ]
整洁地；干净地;灵巧地；利索地;恰好地；极好地"
usually	640	"英[ˈjuːʒuəli]
美[ˈjuːʒuəli]
通常地;正常地;一般地;经常地"
passages	640	"英[ˈpæsɪdʒɪz]
美[ˈpæsədʒəz]
通道;走廊;管路;章节;段落;乐段;passage的复数"
re	639	"英[reɪ , riː]
美[reɪ , riː]
关于，事由"
importance	634	"英[ɪmˈpɔːtns]
美[ɪmˈpɔːrtns]
重要性;重要;重大"
europe	634	"英[ˈjʊərəp]
美[ˈjʊrəp]
欧洲;欧盟;全欧洲"
came	634	"英[keɪm]
美[keɪm]
来;来到;到达，抵达;来做;来取;来拿;come的过去式"
mainly	634	"英[ˈmeɪnli]
美[ˈmeɪnli]
主要地;首要地;大部分;大多"
increased	634	"英[ɪnˈkriːst]
美[ɪnˈkriːst]
增长，增多;增加;increase的过去分词和过去式"
strong	634	"英[strɒŋ]
美[strɔːŋ]
强壮的;强健的;强的;强劲的;强烈的，深刻的"
lack	634	"英[læk]
美[læk]
缺乏;匮乏;短缺;没有;不足"
either	634	"英[ˈaɪðə(r)]
美[ˈaɪðər]
任何一个;每个，各方;也;而且;要么…要么，不是…就是，或者…或者"
americans	634	"英[əˈmɛrɪkənz]
美[əˈmɛrəkənz]
花旗布"
television	633	"英[ˈtelɪvɪʒn]
美[ˈtelɪvɪʒn]
电视机;电视节目;电视;电视系统;电视学;电视广播业"
federal	633	"英[ˈfedərəl]
美[ˈfedərəl]
联邦制的;联邦政府的;联邦主义者;同盟盟友"
expected	629	"英[ɪkˈspektɪd]
美[ɪkˈspektɪd]
预料的;预期的;预料;预期;预计;等待;期待;盼望;要求;指望;expect的过去分词和过去式"
here	629	"英[hɪə(r)]
美[hɪr]
在这里，向这里;现在;在这一点上;给某人东西或指出某物时说;喂，嘿;主动提议时说"
real	629	"英[ˈriːəl]
美[ˈriːəl]
真实的;实际存在的;非凭空想象的;真的;正宗的;非假冒的;非人工的;真正的;确实的;非常;很;实在;现实;实数"
thing	629	"英[θɪŋ]
美[θɪŋ]
东西;物;物件;物品;事物;用品，衣服;用具"
tell	629	"英[tel]
美[tel]
告诉;告知;提供;说明;显示;讲述;说;表达;台形土墩;讲的话;谈话;传闻"
soon	629	"英[suːn]
美[suːn]
很快;马上;不久;早;快"
researchers	628	"英[rɪˈsɜːtʃəz]
美[ˈrisərtʃərz]
研究员;科研工作者;researcher的复数"
foreign	628	"英[ˈfɒrən]
美[ˈfɔːrən]
外国的;涉外的;外交的;非典型的;陌生的"
forms	628	"英[fɔːmz]
美[fɔːrmz]
类型;种类;形式;外表;样子;表格;出现，产生;形成;成形，组成;制作;form的第三人称单数和复数"
production	623	"英[prəˈdʌkʃn]
美[prəˈdʌkʃn]
生产;制造;制作;产量;产生，分泌"
explain	623	"英[ɪkˈspleɪn]
美[ɪkˈspleɪn]
解释;说明;阐明;说明原因;解释理由"
considered	623	"英[kənˈsɪdəd]
美[kənˈsɪdərd]
经过慎重思考的;经过深思熟虑的;仔细考虑，细想;认为;以为;觉得;体谅;考虑到;顾及;consider的过去分词和过去式"
towards	623	"英[təˈwɔːdz]
美[tɔːrdz]
向;朝;对着;趋向，接近，将近;将近"
including	623	"英[ɪnˈkluːdɪŋ]
美[ɪnˈkluːdɪŋ]
包括…在内;包括;包含;使成为…的一部分;include的现在分词"
president	623	"英[ˈprezɪdənt]
美[ˈprezɪdənt]
总统;国家主席;会长，院长，主席;银行行长;总经理;董事长;总裁"
known	623	"英[nəʊn]
美[noʊn]
知名的;出了名的;已知的;知道;知悉;了解;认识到;懂得;意识到;确信;确知;肯定;know的过去分词"
